strategy_id,seed,parameter_count,training_sample_count,best_epoch,train_accuracy_at_best_epoch,final_train_accuracy,validation_loss,validation_accuracy,cat_accuracy,dog_accuracy,balanced_accuracy,macro_f1,fit_seconds,learning_rate,weight_decay,dropout_probability,augmentation,gradient_clip_norm,split_sha256,feature_cache_manifest_sha256,flipped_cache_manifest_sha256,code_commit,status,source_run
RNN-TRAIN-T0-BASE,42,1992642,1800,16,0.9533333333333334,0.9533333333333334,0.9708942556381226,0.81,0.87,0.75,0.81,0.809313528703332,26.17978312599999,0.0003,0.0001,0.0,none,1.0,c5eb3f17c06f69647d11edfab4dcab3114069b55b4c4b79f64a41d4947692ac6,97f9453652a511952fad677d596feb41e33d2c9c9f94024ec616c9916767ecd6,,83fec3bc0497d869038e1f1aea191b3cb8880b47,complete,report/rnn2d_architecture/experiments/RNN2D-ARCH-L/seed42
RNN-TRAIN-T0-BASE,123,1992642,1800,15,0.9666666666666667,0.9666666666666667,0.6266339653730393,0.865,0.96,0.77,0.865,0.8637705290244456,23.849035402999988,0.0003,0.0001,0.0,none,1.0,27ee1119bf3fc1ba7bedc4939eb47320edb1df91e61d8c553d049e94194d9d42,97f9453652a511952fad677d596feb41e33d2c9c9f94024ec616c9916767ecd6,,83fec3bc0497d869038e1f1aea191b3cb8880b47,complete,report/rnn2d_architecture/experiments/RNN2D-ARCH-L/seed123
RNN-TRAIN-T0-BASE,2026,1992642,1800,12,0.9194444444444444,0.9322222222222222,0.7166289329528809,0.78,0.78,0.78,0.78,0.78,20.896119020000015,0.0003,0.0001,0.0,none,1.0,ea6e39137fa9269eaabce5bd078ad1d816e89deef834b19e0797d95e3dc57c81,97f9453652a511952fad677d596feb41e33d2c9c9f94024ec616c9916767ecd6,,83fec3bc0497d869038e1f1aea191b3cb8880b47,complete,report/rnn2d_architecture/experiments/RNN2D-ARCH-L/seed2026
RNN-TRAIN-T1-FLIP,42,1992642,3600,15,0.9619444444444445,0.9719444444444445,0.6545832252502441,0.845,0.87,0.82,0.845,0.8449030644152595,52.88286193100001,0.0003,0.0001,0.0,horizontal_flip,1.0,c5eb3f17c06f69647d11edfab4dcab3114069b55b4c4b79f64a41d4947692ac6,97f9453652a511952fad677d596feb41e33d2c9c9f94024ec616c9916767ecd6,37c0be14b83957bf8674a29aba7e8b4013fdf8fa80c0c6a2c93fe42b01fa8d8c,5c4d4631ec1ead116e3d055480790e1ad0c16fca,complete,report/rnn_training/experiments/RNN-TRAIN-T1-FLIP/seed42
RNN-TRAIN-T1-FLIP,123,1992642,3600,10,0.9183333333333333,0.9463888888888888,0.4130400562286377,0.875,0.92,0.83,0.875,0.8747463613817982,37.32398433100002,0.0003,0.0001,0.0,horizontal_flip,1.0,27ee1119bf3fc1ba7bedc4939eb47320edb1df91e61d8c553d049e94194d9d42,97f9453652a511952fad677d596feb41e33d2c9c9f94024ec616c9916767ecd6,37c0be14b83957bf8674a29aba7e8b4013fdf8fa80c0c6a2c93fe42b01fa8d8c,5c4d4631ec1ead116e3d055480790e1ad0c16fca,complete,report/rnn_training/experiments/RNN-TRAIN-T1-FLIP/seed123
RNN-TRAIN-T1-FLIP,2026,1992642,3600,10,0.9247222222222222,0.9291666666666667,0.8343972170352936,0.8,0.77,0.83,0.8,0.7998198378540686,34.99132960899999,0.0003,0.0001,0.0,horizontal_flip,1.0,ea6e39137fa9269eaabce5bd078ad1d816e89deef834b19e0797d95e3dc57c81,97f9453652a511952fad677d596feb41e33d2c9c9f94024ec616c9916767ecd6,37c0be14b83957bf8674a29aba7e8b4013fdf8fa80c0c6a2c93fe42b01fa8d8c,5c4d4631ec1ead116e3d055480790e1ad0c16fca,complete,report/rnn_training/experiments/RNN-TRAIN-T1-FLIP/seed2026
RNN-TRAIN-T2-DROPOUT,42,1992642,1800,14,0.9272222222222222,0.9272222222222222,0.7694995212554931,0.79,0.81,0.77,0.79,0.7899159663865546,22.589639739999996,0.0003,0.0001,0.1,none,1.0,c5eb3f17c06f69647d11edfab4dcab3114069b55b4c4b79f64a41d4947692ac6,97f9453652a511952fad677d596feb41e33d2c9c9f94024ec616c9916767ecd6,,5c4d4631ec1ead116e3d055480790e1ad0c16fca,complete,report/rnn_training/experiments/RNN-TRAIN-T2-DROPOUT/seed42
RNN-TRAIN-T2-DROPOUT,123,1992642,1800,12,0.9238888888888889,0.9466666666666667,0.5161258208751679,0.84,0.84,0.84,0.84,0.84,25.68078135799999,0.0003,0.0001,0.1,none,1.0,27ee1119bf3fc1ba7bedc4939eb47320edb1df91e61d8c553d049e94194d9d42,97f9453652a511952fad677d596feb41e33d2c9c9f94024ec616c9916767ecd6,,5c4d4631ec1ead116e3d055480790e1ad0c16fca,complete,report/rnn_training/experiments/RNN-TRAIN-T2-DROPOUT/seed123
RNN-TRAIN-T2-DROPOUT,2026,1992642,1800,9,0.865,0.9294444444444444,0.6523649311065673,0.805,0.85,0.76,0.8049999999999999,0.8046043237556051,22.361474510999983,0.0003,0.0001,0.1,none,1.0,ea6e39137fa9269eaabce5bd078ad1d816e89deef834b19e0797d95e3dc57c81,97f9453652a511952fad677d596feb41e33d2c9c9f94024ec616c9916767ecd6,,5c4d4631ec1ead116e3d055480790e1ad0c16fca,complete,report/rnn_training/experiments/RNN-TRAIN-T2-DROPOUT/seed2026
RNN-TRAIN-T3-WD,42,1992642,1800,16,0.9511111111111111,0.9511111111111111,0.8455288887023926,0.81,0.88,0.74,0.81,0.8090644156366193,26.184351024999955,0.0003,0.0005,0.0,none,1.0,c5eb3f17c06f69647d11edfab4dcab3114069b55b4c4b79f64a41d4947692ac6,97f9453652a511952fad677d596feb41e33d2c9c9f94024ec616c9916767ecd6,,5c4d4631ec1ead116e3d055480790e1ad0c16fca,complete,report/rnn_training/experiments/RNN-TRAIN-T3-WD/seed42
RNN-TRAIN-T3-WD,123,1992642,1800,12,0.9322222222222222,0.9322222222222222,0.4716831529140472,0.855,0.87,0.84,0.855,0.854967367657723,19.382692424000027,0.0003,0.0005,0.0,none,1.0,27ee1119bf3fc1ba7bedc4939eb47320edb1df91e61d8c553d049e94194d9d42,97f9453652a511952fad677d596feb41e33d2c9c9f94024ec616c9916767ecd6,,5c4d4631ec1ead116e3d055480790e1ad0c16fca,complete,report/rnn_training/experiments/RNN-TRAIN-T3-WD/seed123
RNN-TRAIN-T3-WD,2026,1992642,1800,11,0.9161111111111111,0.9338888888888889,0.7596722111105919,0.8,0.78,0.82,0.8,0.7999199679871949,21.62796914100005,0.0003,0.0005,0.0,none,1.0,ea6e39137fa9269eaabce5bd078ad1d816e89deef834b19e0797d95e3dc57c81,97f9453652a511952fad677d596feb41e33d2c9c9f94024ec616c9916767ecd6,,5c4d4631ec1ead116e3d055480790e1ad0c16fca,complete,report/rnn_training/experiments/RNN-TRAIN-T3-WD/seed2026
