experiment_id,architecture_id,seed,parameter_count,embed_dim,rnn_hidden_size,num_blocks,training_sample_count,best_epoch,final_epoch,train_accuracy_at_best_epoch,final_train_accuracy,validation_loss,validation_accuracy,cat_accuracy,dog_accuracy,balanced_accuracy,macro_f1,fit_seconds,learning_rate,weight_decay,augmentation,gradient_clip_norm,split_sha256,feature_cache_manifest_sha256,flipped_cache_manifest_sha256,code_commit,status,source_run
RNN-TRAIN-001-RNN-TRAIN-T1-FLIP-seed42,RNN2D-ARCH-BASE,42,1992642,320,80,3,3600,15,16,0.9619444444444445,0.9719444444444445,0.6545832252502441,0.845,0.87,0.82,0.845,0.8449030644152595,52.88286193100001,0.0003,0.0001,horizontal_flip,1.0,c5eb3f17c06f69647d11edfab4dcab3114069b55b4c4b79f64a41d4947692ac6,97f9453652a511952fad677d596feb41e33d2c9c9f94024ec616c9916767ecd6,37c0be14b83957bf8674a29aba7e8b4013fdf8fa80c0c6a2c93fe42b01fa8d8c,5c4d4631ec1ead116e3d055480790e1ad0c16fca,complete,report/rnn_training/experiments/RNN-TRAIN-T1-FLIP/seed42
RNN-TRAIN-001-RNN-TRAIN-T1-FLIP-seed123,RNN2D-ARCH-BASE,123,1992642,320,80,3,3600,10,12,0.9183333333333333,0.9463888888888888,0.4130400562286377,0.875,0.92,0.83,0.875,0.8747463613817982,37.32398433100002,0.0003,0.0001,horizontal_flip,1.0,27ee1119bf3fc1ba7bedc4939eb47320edb1df91e61d8c553d049e94194d9d42,97f9453652a511952fad677d596feb41e33d2c9c9f94024ec616c9916767ecd6,37c0be14b83957bf8674a29aba7e8b4013fdf8fa80c0c6a2c93fe42b01fa8d8c,5c4d4631ec1ead116e3d055480790e1ad0c16fca,complete,report/rnn_training/experiments/RNN-TRAIN-T1-FLIP/seed123
RNN-TRAIN-001-RNN-TRAIN-T1-FLIP-seed2026,RNN2D-ARCH-BASE,2026,1992642,320,80,3,3600,10,11,0.9247222222222222,0.9291666666666667,0.8343972170352936,0.8,0.77,0.83,0.8,0.7998198378540686,34.99132960899999,0.0003,0.0001,horizontal_flip,1.0,ea6e39137fa9269eaabce5bd078ad1d816e89deef834b19e0797d95e3dc57c81,97f9453652a511952fad677d596feb41e33d2c9c9f94024ec616c9916767ecd6,37c0be14b83957bf8674a29aba7e8b4013fdf8fa80c0c6a2c93fe42b01fa8d8c,5c4d4631ec1ead116e3d055480790e1ad0c16fca,complete,report/rnn_training/experiments/RNN-TRAIN-T1-FLIP/seed2026
RNN-ARCH-003-RNN2D-ARCH-WIDE-seed42,RNN2D-ARCH-WIDE,42,2851970,384,96,3,3600,13,16,0.9508333333333333,0.9755555555555555,0.6502491950988769,0.835,0.85,0.82,0.835,0.8349628666449951,50.499552351,0.0003,0.0001,horizontal_flip,1.0,c5eb3f17c06f69647d11edfab4dcab3114069b55b4c4b79f64a41d4947692ac6,97f9453652a511952fad677d596feb41e33d2c9c9f94024ec616c9916767ecd6,37c0be14b83957bf8674a29aba7e8b4013fdf8fa80c0c6a2c93fe42b01fa8d8c,408008ad52e330ed03b2c33349af7019d93bab7c,complete,report/rnn_architecture_scaling/experiments/RNN2D-ARCH-WIDE/seed42
RNN-ARCH-003-RNN2D-ARCH-WIDE-seed123,RNN2D-ARCH-WIDE,123,2851970,384,96,3,3600,11,12,0.9419444444444445,0.9502777777777778,0.4740953779220581,0.85,0.8,0.9,0.8500000000000001,0.849624060150376,38.30591070199999,0.0003,0.0001,horizontal_flip,1.0,27ee1119bf3fc1ba7bedc4939eb47320edb1df91e61d8c553d049e94194d9d42,97f9453652a511952fad677d596feb41e33d2c9c9f94024ec616c9916767ecd6,37c0be14b83957bf8674a29aba7e8b4013fdf8fa80c0c6a2c93fe42b01fa8d8c,408008ad52e330ed03b2c33349af7019d93bab7c,complete,report/rnn_architecture_scaling/experiments/RNN2D-ARCH-WIDE/seed123
RNN-ARCH-003-RNN2D-ARCH-WIDE-seed2026,RNN2D-ARCH-WIDE,2026,2851970,384,96,3,3600,11,14,0.9347222222222222,0.9569444444444445,0.6946404910087586,0.8,0.81,0.79,0.8,0.7999799979998,47.60124721300001,0.0003,0.0001,horizontal_flip,1.0,ea6e39137fa9269eaabce5bd078ad1d816e89deef834b19e0797d95e3dc57c81,97f9453652a511952fad677d596feb41e33d2c9c9f94024ec616c9916767ecd6,37c0be14b83957bf8674a29aba7e8b4013fdf8fa80c0c6a2c93fe42b01fa8d8c,408008ad52e330ed03b2c33349af7019d93bab7c,complete,report/rnn_architecture_scaling/experiments/RNN2D-ARCH-WIDE/seed2026
RNN-ARCH-003-RNN2D-ARCH-XWIDE-seed42,RNN2D-ARCH-XWIDE,42,3864898,448,112,3,3600,16,16,0.9675,0.9675,0.8066800260543823,0.835,0.83,0.84,0.835,0.8349958748968724,56.19399482700001,0.0003,0.0001,horizontal_flip,1.0,c5eb3f17c06f69647d11edfab4dcab3114069b55b4c4b79f64a41d4947692ac6,97f9453652a511952fad677d596feb41e33d2c9c9f94024ec616c9916767ecd6,37c0be14b83957bf8674a29aba7e8b4013fdf8fa80c0c6a2c93fe42b01fa8d8c,408008ad52e330ed03b2c33349af7019d93bab7c,complete,report/rnn_architecture_scaling/experiments/RNN2D-ARCH-XWIDE/seed42
RNN-ARCH-003-RNN2D-ARCH-XWIDE-seed123,RNN2D-ARCH-XWIDE,123,3864898,448,112,3,3600,10,12,0.9144444444444444,0.9413888888888889,0.3872757267951965,0.86,0.9,0.82,0.86,0.859775641025641,46.910663263000004,0.0003,0.0001,horizontal_flip,1.0,27ee1119bf3fc1ba7bedc4939eb47320edb1df91e61d8c553d049e94194d9d42,97f9453652a511952fad677d596feb41e33d2c9c9f94024ec616c9916767ecd6,37c0be14b83957bf8674a29aba7e8b4013fdf8fa80c0c6a2c93fe42b01fa8d8c,408008ad52e330ed03b2c33349af7019d93bab7c,complete,report/rnn_architecture_scaling/experiments/RNN2D-ARCH-XWIDE/seed123
RNN-ARCH-003-RNN2D-ARCH-XWIDE-seed2026,RNN2D-ARCH-XWIDE,2026,3864898,448,112,3,3600,10,14,0.9041666666666667,0.9666666666666667,0.6178357064723968,0.82,0.83,0.81,0.8200000000000001,0.81998199819982,51.23348285399999,0.0003,0.0001,horizontal_flip,1.0,ea6e39137fa9269eaabce5bd078ad1d816e89deef834b19e0797d95e3dc57c81,97f9453652a511952fad677d596feb41e33d2c9c9f94024ec616c9916767ecd6,37c0be14b83957bf8674a29aba7e8b4013fdf8fa80c0c6a2c93fe42b01fa8d8c,408008ad52e330ed03b2c33349af7019d93bab7c,complete,report/rnn_architecture_scaling/experiments/RNN2D-ARCH-XWIDE/seed2026
