architecture_id,seed,source_run,parameter_count,best_epoch,train_accuracy_at_best_epoch,final_train_accuracy,validation_loss,final_validation_loss,validation_accuracy,cat_accuracy,dog_accuracy,balanced_accuracy,macro_f1,fit_seconds,split_sha256,feature_cache_manifest_sha256,code_commit,status
DNN-ARCH-BASE,42,report/stage1/experiments/S1B-001/seed42/REP-006-FUSION/MLP/metrics.json,2400194,5,0.8177777777777778,0.8777777777777778,0.4911219143867493,0.672141387462616,0.785,0.8,0.77,0.785,0.7849516141131755,5.03965911399996,c5eb3f17c06f69647d11edfab4dcab3114069b55b4c4b79f64a41d4947692ac6,97f9453652a511952fad677d596feb41e33d2c9c9f94024ec616c9916767ecd6,3ef15ec2433f89a40c3559ecc24aa77c05b01b0e,complete
DNN-ARCH-BASE,123,report/stage1/experiments/S1B-001/seed123/REP-006-FUSION/MLP/metrics.json,2400194,5,0.8027777777777778,0.8594444444444445,0.4633651530742645,0.5806573641300201,0.79,0.77,0.81,0.79,0.7899159663865546,5.214856633999943,27ee1119bf3fc1ba7bedc4939eb47320edb1df91e61d8c553d049e94194d9d42,97f9453652a511952fad677d596feb41e33d2c9c9f94024ec616c9916767ecd6,3ef15ec2433f89a40c3559ecc24aa77c05b01b0e,complete
DNN-ARCH-BASE,2026,report/stage1/experiments/S1B-001/seed2026/REP-006-FUSION/MLP/metrics.json,2400194,3,0.7705555555555555,0.83,0.5825419890880584,0.6441744518280029,0.75,0.66,0.84,0.75,0.7479584635547938,3.361564789000113,ea6e39137fa9269eaabce5bd078ad1d816e89deef834b19e0797d95e3dc57c81,97f9453652a511952fad677d596feb41e33d2c9c9f94024ec616c9916767ecd6,3ef15ec2433f89a40c3559ecc24aa77c05b01b0e,complete
DNN-ARCH-A,42,report/dnn_architecture/experiments/DNN-ARCH-A/seed42/metrics.json,2384130,5,0.8416666666666667,0.8822222222222222,0.5030655407905579,0.5734596920013427,0.785,0.8,0.77,0.785,0.7849516141131755,3.3254150269999982,c5eb3f17c06f69647d11edfab4dcab3114069b55b4c4b79f64a41d4947692ac6,97f9453652a511952fad677d596feb41e33d2c9c9f94024ec616c9916767ecd6,88aa40da02b2f66f7f3100746b2e04b547097a55,complete
DNN-ARCH-A,123,report/dnn_architecture/experiments/DNN-ARCH-A/seed123/metrics.json,2384130,1,0.665,0.8711111111111111,0.47241868734359743,0.5169360065460205,0.775,0.83,0.72,0.7749999999999999,0.7743173098623335,2.7693197020000007,27ee1119bf3fc1ba7bedc4939eb47320edb1df91e61d8c553d049e94194d9d42,97f9453652a511952fad677d596feb41e33d2c9c9f94024ec616c9916767ecd6,88aa40da02b2f66f7f3100746b2e04b547097a55,complete
DNN-ARCH-A,2026,report/dnn_architecture/experiments/DNN-ARCH-A/seed2026/metrics.json,2384130,7,0.8255555555555556,0.8261111111111111,0.6374616587162018,0.6116303420066833,0.75,0.64,0.86,0.75,0.7469379491851402,3.182673895999997,ea6e39137fa9269eaabce5bd078ad1d816e89deef834b19e0797d95e3dc57c81,97f9453652a511952fad677d596feb41e33d2c9c9f94024ec616c9916767ecd6,88aa40da02b2f66f7f3100746b2e04b547097a55,complete
DNN-ARCH-B,42,report/dnn_architecture/experiments/DNN-ARCH-B/seed42/metrics.json,1196002,10,0.8538888888888889,0.8466666666666667,0.5452578210830689,0.6947689962387085,0.79,0.78,0.8,0.79,0.78997899789979,4.281165505000001,c5eb3f17c06f69647d11edfab4dcab3114069b55b4c4b79f64a41d4947692ac6,97f9453652a511952fad677d596feb41e33d2c9c9f94024ec616c9916767ecd6,88aa40da02b2f66f7f3100746b2e04b547097a55,complete
DNN-ARCH-B,123,report/dnn_architecture/experiments/DNN-ARCH-B/seed123/metrics.json,1196002,5,0.7911111111111111,0.8483333333333334,0.4629536700248718,0.5579795467853547,0.785,0.77,0.8,0.785,0.7849516141131755,3.6384889979999997,27ee1119bf3fc1ba7bedc4939eb47320edb1df91e61d8c553d049e94194d9d42,97f9453652a511952fad677d596feb41e33d2c9c9f94024ec616c9916767ecd6,88aa40da02b2f66f7f3100746b2e04b547097a55,complete
DNN-ARCH-B,2026,report/dnn_architecture/experiments/DNN-ARCH-B/seed2026/metrics.json,1196002,2,0.7166666666666667,0.87,0.5812809240818023,0.6302750051021576,0.74,0.61,0.87,0.74,0.7355304648560675,3.7745091960000003,ea6e39137fa9269eaabce5bd078ad1d816e89deef834b19e0797d95e3dc57c81,97f9453652a511952fad677d596feb41e33d2c9c9f94024ec616c9916767ecd6,88aa40da02b2f66f7f3100746b2e04b547097a55,complete
DNN-ARCH-C,42,report/dnn_architecture/experiments/DNN-ARCH-C/seed42/metrics.json,2417538,7,0.9322222222222222,0.9322222222222222,0.724463496208191,0.724463496208191,0.795,0.85,0.74,0.7949999999999999,0.794377993430126,4.028774355000003,c5eb3f17c06f69647d11edfab4dcab3114069b55b4c4b79f64a41d4947692ac6,97f9453652a511952fad677d596feb41e33d2c9c9f94024ec616c9916767ecd6,88aa40da02b2f66f7f3100746b2e04b547097a55,complete
DNN-ARCH-C,123,report/dnn_architecture/experiments/DNN-ARCH-C/seed123/metrics.json,2417538,6,0.9416666666666667,0.9416666666666667,0.6951111221313476,0.6951111221313476,0.78,0.79,0.77,0.78,0.77997799779978,3.403924176000004,27ee1119bf3fc1ba7bedc4939eb47320edb1df91e61d8c553d049e94194d9d42,97f9453652a511952fad677d596feb41e33d2c9c9f94024ec616c9916767ecd6,88aa40da02b2f66f7f3100746b2e04b547097a55,complete
DNN-ARCH-C,2026,report/dnn_architecture/experiments/DNN-ARCH-C/seed2026/metrics.json,2417538,1,0.6944444444444444,0.925,0.5445886325836181,0.8302527117729187,0.77,0.73,0.81,0.77,0.7696314102564102,3.207157164999998,ea6e39137fa9269eaabce5bd078ad1d816e89deef834b19e0797d95e3dc57c81,97f9453652a511952fad677d596feb41e33d2c9c9f94024ec616c9916767ecd6,88aa40da02b2f66f7f3100746b2e04b547097a55,complete
