experiment_id,architecture_id,spatial_representation,seed,parameter_count,embed_dim,rnn_hidden_size,num_blocks,best_epoch,train_accuracy_at_best_epoch,final_train_accuracy,validation_loss,validation_accuracy,cat_accuracy,dog_accuracy,balanced_accuracy,macro_f1,fit_seconds,gradient_clip_norm,split_sha256,feature_cache_manifest_sha256,code_commit,status,source_run
RNN-ARCH-002-RNN2D-ARCH-S-seed42,RNN2D-ARCH-S,two_axis_7x7_grid,42,502466,192,48,2,13,0.93,0.9666666666666667,0.6984451293945313,0.8,0.88,0.72,0.8,0.7987117552334944,17.992938030000005,1.0,c5eb3f17c06f69647d11edfab4dcab3114069b55b4c4b79f64a41d4947692ac6,97f9453652a511952fad677d596feb41e33d2c9c9f94024ec616c9916767ecd6,83fec3bc0497d869038e1f1aea191b3cb8880b47,complete,report/rnn2d_architecture/experiments/RNN2D-ARCH-S/seed42
RNN-ARCH-002-RNN2D-ARCH-S-seed123,RNN2D-ARCH-S,two_axis_7x7_grid,123,502466,192,48,2,7,0.8455555555555555,0.9527777777777777,0.4078727984428406,0.835,0.95,0.72,0.835,0.8327886296268147,14.485212818000008,1.0,27ee1119bf3fc1ba7bedc4939eb47320edb1df91e61d8c553d049e94194d9d42,97f9453652a511952fad677d596feb41e33d2c9c9f94024ec616c9916767ecd6,83fec3bc0497d869038e1f1aea191b3cb8880b47,complete,report/rnn2d_architecture/experiments/RNN2D-ARCH-S/seed123
RNN-ARCH-002-RNN2D-ARCH-S-seed2026,RNN2D-ARCH-S,two_axis_7x7_grid,2026,502466,192,48,2,9,0.8772222222222222,0.9366666666666666,0.64573237657547,0.775,0.84,0.71,0.7749999999999999,0.7740453415681253,14.534292846,1.0,ea6e39137fa9269eaabce5bd078ad1d816e89deef834b19e0797d95e3dc57c81,97f9453652a511952fad677d596feb41e33d2c9c9f94024ec616c9916767ecd6,83fec3bc0497d869038e1f1aea191b3cb8880b47,complete,report/rnn2d_architecture/experiments/RNN2D-ARCH-S/seed2026
RNN-ARCH-002-RNN2D-ARCH-M-seed42,RNN2D-ARCH-M,two_axis_7x7_grid,42,1286914,256,64,3,9,0.8938888888888888,0.9327777777777778,0.6292540717124939,0.785,0.87,0.7,0.7849999999999999,0.7834353201883608,22.87154444700002,1.0,c5eb3f17c06f69647d11edfab4dcab3114069b55b4c4b79f64a41d4947692ac6,97f9453652a511952fad677d596feb41e33d2c9c9f94024ec616c9916767ecd6,83fec3bc0497d869038e1f1aea191b3cb8880b47,complete,report/rnn2d_architecture/experiments/RNN2D-ARCH-M/seed42
RNN-ARCH-002-RNN2D-ARCH-M-seed123,RNN2D-ARCH-M,two_axis_7x7_grid,123,1286914,256,64,3,10,0.895,0.9305555555555556,0.5390031683444977,0.81,0.92,0.7,0.81,0.8076728413807066,18.35526979400001,1.0,27ee1119bf3fc1ba7bedc4939eb47320edb1df91e61d8c553d049e94194d9d42,97f9453652a511952fad677d596feb41e33d2c9c9f94024ec616c9916767ecd6,83fec3bc0497d869038e1f1aea191b3cb8880b47,complete,report/rnn2d_architecture/experiments/RNN2D-ARCH-M/seed123
RNN-ARCH-002-RNN2D-ARCH-M-seed2026,RNN2D-ARCH-M,two_axis_7x7_grid,2026,1286914,256,64,3,9,0.8922222222222222,0.9466666666666667,0.6857447862625122,0.79,0.82,0.76,0.79,0.7898108297467721,20.531354895999982,1.0,ea6e39137fa9269eaabce5bd078ad1d816e89deef834b19e0797d95e3dc57c81,97f9453652a511952fad677d596feb41e33d2c9c9f94024ec616c9916767ecd6,83fec3bc0497d869038e1f1aea191b3cb8880b47,complete,report/rnn2d_architecture/experiments/RNN2D-ARCH-M/seed2026
RNN-ARCH-002-RNN2D-ARCH-L-seed42,RNN2D-ARCH-L,two_axis_7x7_grid,42,1992642,320,80,3,16,0.9533333333333334,0.9533333333333334,0.9708942556381226,0.81,0.87,0.75,0.81,0.809313528703332,26.17978312599999,1.0,c5eb3f17c06f69647d11edfab4dcab3114069b55b4c4b79f64a41d4947692ac6,97f9453652a511952fad677d596feb41e33d2c9c9f94024ec616c9916767ecd6,83fec3bc0497d869038e1f1aea191b3cb8880b47,complete,report/rnn2d_architecture/experiments/RNN2D-ARCH-L/seed42
RNN-ARCH-002-RNN2D-ARCH-L-seed123,RNN2D-ARCH-L,two_axis_7x7_grid,123,1992642,320,80,3,15,0.9666666666666667,0.9666666666666667,0.6266339653730393,0.865,0.96,0.77,0.865,0.8637705290244456,23.849035402999988,1.0,27ee1119bf3fc1ba7bedc4939eb47320edb1df91e61d8c553d049e94194d9d42,97f9453652a511952fad677d596feb41e33d2c9c9f94024ec616c9916767ecd6,83fec3bc0497d869038e1f1aea191b3cb8880b47,complete,report/rnn2d_architecture/experiments/RNN2D-ARCH-L/seed123
RNN-ARCH-002-RNN2D-ARCH-L-seed2026,RNN2D-ARCH-L,two_axis_7x7_grid,2026,1992642,320,80,3,12,0.9194444444444444,0.9322222222222222,0.7166289329528809,0.78,0.78,0.78,0.78,0.78,20.896119020000015,1.0,ea6e39137fa9269eaabce5bd078ad1d816e89deef834b19e0797d95e3dc57c81,97f9453652a511952fad677d596feb41e33d2c9c9f94024ec616c9916767ecd6,83fec3bc0497d869038e1f1aea191b3cb8880b47,complete,report/rnn2d_architecture/experiments/RNN2D-ARCH-L/seed2026
