experiment_id,strategy_id,seed,parameter_count,training_sample_count,initial_learning_rate,final_learning_rate,scheduler_type,weight_decay,batch_size,gradient_clip_norm,best_epoch,final_epoch,train_accuracy_at_best_epoch,final_train_accuracy,validation_loss,validation_accuracy,cat_accuracy,dog_accuracy,balanced_accuracy,macro_f1,fit_seconds,split_sha256,feature_cache_manifest_sha256,flipped_cache_manifest_sha256,code_commit,status,source_run
RNN-TRAIN-001-RNN-TRAIN-T1-FLIP-seed42,RNN-LR-T0-CONST-3E4,42,1992642,3600,0.0003,0.0003,none,0.0001,32,1.0,15,16,0.9619444444444445,0.9719444444444445,0.6545832252502441,0.845,0.87,0.82,0.845,0.8449030644152595,52.88286193100001,c5eb3f17c06f69647d11edfab4dcab3114069b55b4c4b79f64a41d4947692ac6,97f9453652a511952fad677d596feb41e33d2c9c9f94024ec616c9916767ecd6,37c0be14b83957bf8674a29aba7e8b4013fdf8fa80c0c6a2c93fe42b01fa8d8c,5c4d4631ec1ead116e3d055480790e1ad0c16fca,complete,report/rnn_training/experiments/RNN-TRAIN-T1-FLIP/seed42
RNN-TRAIN-001-RNN-TRAIN-T1-FLIP-seed123,RNN-LR-T0-CONST-3E4,123,1992642,3600,0.0003,0.0003,none,0.0001,32,1.0,10,12,0.9183333333333333,0.9463888888888888,0.4130400562286377,0.875,0.92,0.83,0.875,0.8747463613817982,37.32398433100002,27ee1119bf3fc1ba7bedc4939eb47320edb1df91e61d8c553d049e94194d9d42,97f9453652a511952fad677d596feb41e33d2c9c9f94024ec616c9916767ecd6,37c0be14b83957bf8674a29aba7e8b4013fdf8fa80c0c6a2c93fe42b01fa8d8c,5c4d4631ec1ead116e3d055480790e1ad0c16fca,complete,report/rnn_training/experiments/RNN-TRAIN-T1-FLIP/seed123
RNN-TRAIN-001-RNN-TRAIN-T1-FLIP-seed2026,RNN-LR-T0-CONST-3E4,2026,1992642,3600,0.0003,0.0003,none,0.0001,32,1.0,10,11,0.9247222222222222,0.9291666666666667,0.8343972170352936,0.8,0.77,0.83,0.8,0.7998198378540686,34.99132960899999,ea6e39137fa9269eaabce5bd078ad1d816e89deef834b19e0797d95e3dc57c81,97f9453652a511952fad677d596feb41e33d2c9c9f94024ec616c9916767ecd6,37c0be14b83957bf8674a29aba7e8b4013fdf8fa80c0c6a2c93fe42b01fa8d8c,5c4d4631ec1ead116e3d055480790e1ad0c16fca,complete,report/rnn_training/experiments/RNN-TRAIN-T1-FLIP/seed2026
RNN-TRAIN-003-RNN-LR-T1-CONST-1P5E4-seed42,RNN-LR-T1-CONST-1P5E4,42,1992642,3600,0.00015,0.00015,none,0.0001,32,1.0,11,16,0.9477777777777778,0.9783333333333334,0.6991532182693482,0.83,0.93,0.73,0.8300000000000001,0.8282828282828283,54.697732716999994,c5eb3f17c06f69647d11edfab4dcab3114069b55b4c4b79f64a41d4947692ac6,97f9453652a511952fad677d596feb41e33d2c9c9f94024ec616c9916767ecd6,37c0be14b83957bf8674a29aba7e8b4013fdf8fa80c0c6a2c93fe42b01fa8d8c,272bba804f8f7a18a280fbb00b3801f10883d901,complete,report/rnn_lr_optimization/experiments/RNN-LR-T1-CONST-1P5E4/seed42
RNN-TRAIN-003-RNN-LR-T1-CONST-1P5E4-seed123,RNN-LR-T1-CONST-1P5E4,123,1992642,3600,0.00015,0.00015,none,0.0001,32,1.0,12,12,0.9530555555555555,0.9530555555555555,0.4809203153848648,0.865,0.9,0.83,0.865,0.8648344221671547,42.86308499199998,27ee1119bf3fc1ba7bedc4939eb47320edb1df91e61d8c553d049e94194d9d42,97f9453652a511952fad677d596feb41e33d2c9c9f94024ec616c9916767ecd6,37c0be14b83957bf8674a29aba7e8b4013fdf8fa80c0c6a2c93fe42b01fa8d8c,272bba804f8f7a18a280fbb00b3801f10883d901,complete,report/rnn_lr_optimization/experiments/RNN-LR-T1-CONST-1P5E4/seed123
RNN-TRAIN-003-RNN-LR-T1-CONST-1P5E4-seed2026,RNN-LR-T1-CONST-1P5E4,2026,1992642,3600,0.00015,0.00015,none,0.0001,32,1.0,12,12,0.9538888888888889,0.9538888888888889,0.7708722233772278,0.795,0.74,0.85,0.7949999999999999,0.794377993430126,43.186374718999986,ea6e39137fa9269eaabce5bd078ad1d816e89deef834b19e0797d95e3dc57c81,97f9453652a511952fad677d596feb41e33d2c9c9f94024ec616c9916767ecd6,37c0be14b83957bf8674a29aba7e8b4013fdf8fa80c0c6a2c93fe42b01fa8d8c,272bba804f8f7a18a280fbb00b3801f10883d901,complete,report/rnn_lr_optimization/experiments/RNN-LR-T1-CONST-1P5E4/seed2026
RNN-TRAIN-003-RNN-LR-T2-COSINE-seed42,RNN-LR-T2-COSINE,42,1992642,3600,0.0003,3.769253581563263e-05,CosineAnnealingLR,0.0001,32,1.0,14,16,0.9830555555555556,0.9997222222222222,1.0752676439285278,0.84,0.88,0.8,0.8400000000000001,0.8397435897435898,58.18313402300001,c5eb3f17c06f69647d11edfab4dcab3114069b55b4c4b79f64a41d4947692ac6,97f9453652a511952fad677d596feb41e33d2c9c9f94024ec616c9916767ecd6,37c0be14b83957bf8674a29aba7e8b4013fdf8fa80c0c6a2c93fe42b01fa8d8c,272bba804f8f7a18a280fbb00b3801f10883d901,complete,report/rnn_lr_optimization/experiments/RNN-LR-T2-COSINE/seed42
RNN-TRAIN-003-RNN-LR-T2-COSINE-seed123,RNN-LR-T2-COSINE,123,1992642,3600,0.0003,0.00011019253581563262,CosineAnnealingLR,0.0001,32,1.0,10,12,0.9438888888888889,0.9755555555555555,0.5040144228935242,0.86,0.93,0.79,0.8600000000000001,0.8593106220480353,40.48502107899998,27ee1119bf3fc1ba7bedc4939eb47320edb1df91e61d8c553d049e94194d9d42,97f9453652a511952fad677d596feb41e33d2c9c9f94024ec616c9916767ecd6,37c0be14b83957bf8674a29aba7e8b4013fdf8fa80c0c6a2c93fe42b01fa8d8c,272bba804f8f7a18a280fbb00b3801f10883d901,complete,report/rnn_lr_optimization/experiments/RNN-LR-T2-COSINE/seed123
RNN-TRAIN-003-RNN-LR-T2-COSINE-seed2026,RNN-LR-T2-COSINE,2026,1992642,3600,0.0003,0.00013231700256916655,CosineAnnealingLR,0.0001,32,1.0,10,11,0.9369444444444445,0.9613888888888888,0.8296296882629395,0.795,0.82,0.77,0.7949999999999999,0.7948717948717949,39.36586242200002,ea6e39137fa9269eaabce5bd078ad1d816e89deef834b19e0797d95e3dc57c81,97f9453652a511952fad677d596feb41e33d2c9c9f94024ec616c9916767ecd6,37c0be14b83957bf8674a29aba7e8b4013fdf8fa80c0c6a2c93fe42b01fa8d8c,272bba804f8f7a18a280fbb00b3801f10883d901,complete,report/rnn_lr_optimization/experiments/RNN-LR-T2-COSINE/seed2026
RNN-TRAIN-003-RNN-LR-T3-PLATEAU-seed42,RNN-LR-T3-PLATEAU,42,1992642,3600,0.0003,2.6999999999999996e-05,ReduceLROnPlateau,0.0001,32,1.0,8,11,0.9222222222222223,0.9661111111111111,0.5526966381072999,0.825,0.81,0.84,0.825,0.8249606161386311,39.20740587,c5eb3f17c06f69647d11edfab4dcab3114069b55b4c4b79f64a41d4947692ac6,97f9453652a511952fad677d596feb41e33d2c9c9f94024ec616c9916767ecd6,37c0be14b83957bf8674a29aba7e8b4013fdf8fa80c0c6a2c93fe42b01fa8d8c,272bba804f8f7a18a280fbb00b3801f10883d901,complete,report/rnn_lr_optimization/experiments/RNN-LR-T3-PLATEAU/seed42
RNN-TRAIN-003-RNN-LR-T3-PLATEAU-seed123,RNN-LR-T3-PLATEAU,123,1992642,3600,0.0003,2.6999999999999996e-05,ReduceLROnPlateau,0.0001,32,1.0,11,12,0.9805555555555555,0.9911111111111112,0.6011687684059143,0.865,0.88,0.85,0.865,0.8649696181640869,42.32831671399998,27ee1119bf3fc1ba7bedc4939eb47320edb1df91e61d8c553d049e94194d9d42,97f9453652a511952fad677d596feb41e33d2c9c9f94024ec616c9916767ecd6,37c0be14b83957bf8674a29aba7e8b4013fdf8fa80c0c6a2c93fe42b01fa8d8c,272bba804f8f7a18a280fbb00b3801f10883d901,complete,report/rnn_lr_optimization/experiments/RNN-LR-T3-PLATEAU/seed123
RNN-TRAIN-003-RNN-LR-T3-PLATEAU-seed2026,RNN-LR-T3-PLATEAU,2026,1992642,3600,0.0003,2.6999999999999996e-05,ReduceLROnPlateau,0.0001,32,1.0,8,11,0.9305555555555556,0.9722222222222222,0.6644956135749817,0.79,0.81,0.77,0.79,0.7899159663865546,39.36881613400004,ea6e39137fa9269eaabce5bd078ad1d816e89deef834b19e0797d95e3dc57c81,97f9453652a511952fad677d596feb41e33d2c9c9f94024ec616c9916767ecd6,37c0be14b83957bf8674a29aba7e8b4013fdf8fa80c0c6a2c93fe42b01fa8d8c,272bba804f8f7a18a280fbb00b3801f10883d901,complete,report/rnn_lr_optimization/experiments/RNN-LR-T3-PLATEAU/seed2026
