epoch,mean_validation_accuracy,sample_std_validation_accuracy,mean_validation_loss,mean_cat_accuracy,mean_dog_accuracy
1,0.7166666666666667,0.04252450274057691,0.561218436161677,0.78,0.6533333333333333
2,0.7383333333333333,0.05619905100029127,0.5117202929655711,0.69,0.7866666666666666
3,0.775,0.027838821814150136,0.4827086098988851,0.8133333333333334,0.7366666666666667
4,0.7583333333333333,0.05795112883571235,0.5158502928415934,0.81,0.7066666666666667
5,0.7566666666666667,0.01527525231651948,0.5658213585615158,0.7233333333333334,0.79
6,0.78,0.03905124837953324,0.5172646097342174,0.76,0.7999999999999999
7,0.7766666666666666,0.05346338310781812,0.6082756181557973,0.6733333333333333,0.88
8,0.8049999999999999,0.03464101615137751,0.535180809100469,0.8633333333333334,0.7466666666666667
9,0.78,0.02291287847477922,0.6297247797250748,0.8033333333333333,0.7566666666666667
10,0.8266666666666667,0.04193248541803039,0.6152617124716441,0.8200000000000001,0.8333333333333333
11,0.8183333333333334,0.04536885862938731,0.7013227486610413,0.84,0.7966666666666666
