batch_id,run_id,representation_id,probe,seed,channels,spatial_h,spatial_w,flatten_dim,parameter_count,validation_accuracy,cat_accuracy,dog_accuracy,balanced_accuracy,macro_f1,best_epoch,fit_seconds,feature_extraction_seconds,cache_bytes,split_sha256,git_commit,status
CTRL-LBOX64,CTRL-LBOX64-CTRL-LBOX64-MLP-seed42,CTRL-LBOX64,MLP,42,3,64,64,12288,3162562,0.65,0.67,0.63,0.65,0.6498599439775911,7,49.32869381300003,0.0,0,c5eb3f17c06f69647d11edfab4dcab3114069b55b4c4b79f64a41d4947692ac6,137f7502f421dcc680f4f442220e6b5b105801d9,complete
CTRL-LBOX64-GEOM,CTRL-LBOX64-GEOM-CTRL-LBOX64-GEOM-MLP-seed42,CTRL-LBOX64-GEOM,MLP,42,3,64,64,12288,3162562,0.66,0.58,0.74,0.6599999999999999,0.6578099838969405,8,38.263646321,0.0,0,c5eb3f17c06f69647d11edfab4dcab3114069b55b4c4b79f64a41d4947692ac6,3ef15ec2433f89a40c3559ecc24aa77c05b01b0e,complete
S1A-001,S1A-001-REP-000-RAW64-LinearSVC-seed42,REP-000-RAW64,LinearSVC,42,3,64,64,12288,,0.55,0.6,0.5,0.55,0.5488721804511278,,89.95069051600001,7.980873060999954,24576128,c5eb3f17c06f69647d11edfab4dcab3114069b55b4c4b79f64a41d4947692ac6,137f7502f421dcc680f4f442220e6b5b105801d9,complete
S1A-001,S1A-001-REP-000-RAW64-MLP-seed42,REP-000-RAW64,MLP,42,3,64,64,12288,3162562,0.64,0.54,0.74,0.64,0.6363636363636364,3,3.808878066000034,7.980873060999954,24576128,c5eb3f17c06f69647d11edfab4dcab3114069b55b4c4b79f64a41d4947692ac6,137f7502f421dcc680f4f442220e6b5b105801d9,complete
S1A-001,S1A-001-REP-001-HOG-LinearSVC-seed42,REP-001-HOG,LinearSVC,42,36,7,7,1764,,0.645,0.72,0.57,0.645,0.6429918290383407,,15.847126021000008,48.37453890699999,74480128,c5eb3f17c06f69647d11edfab4dcab3114069b55b4c4b79f64a41d4947692ac6,137f7502f421dcc680f4f442220e6b5b105801d9,complete
S1A-001,S1A-001-REP-001-HOG-MLP-seed42,REP-001-HOG,MLP,42,36,7,7,1764,468418,0.74,0.72,0.76,0.74,0.7398959583833533,5,2.9909768410000197,48.37453890699999,74480128,c5eb3f17c06f69647d11edfab4dcab3114069b55b4c4b79f64a41d4947692ac6,137f7502f421dcc680f4f442220e6b5b105801d9,complete
S1A-001,S1A-001-REP-002-HOG-LBP-LinearSVC-seed42,REP-002-HOG-LBP,LinearSVC,42,46,7,7,2254,,0.72,0.79,0.65,0.72,0.7186212440960708,,3.810251388000097,48.37453890699999,74480128,c5eb3f17c06f69647d11edfab4dcab3114069b55b4c4b79f64a41d4947692ac6,137f7502f421dcc680f4f442220e6b5b105801d9,complete
S1A-001,S1A-001-REP-002-HOG-LBP-MLP-seed42,REP-002-HOG-LBP,MLP,42,46,7,7,2254,593858,0.76,0.78,0.74,0.76,0.7599039615846338,6,3.3883557930000734,48.37453890699999,74480128,c5eb3f17c06f69647d11edfab4dcab3114069b55b4c4b79f64a41d4947692ac6,137f7502f421dcc680f4f442220e6b5b105801d9,complete
S1A-001,S1A-001-REP-003-ROOTSIFT-LinearSVC-seed42,REP-003-ROOTSIFT,LinearSVC,42,128,7,7,6272,,0.62,0.63,0.61,0.62,0.6199619961996199,,111.16924263600004,48.37453890699999,74480128,c5eb3f17c06f69647d11edfab4dcab3114069b55b4c4b79f64a41d4947692ac6,137f7502f421dcc680f4f442220e6b5b105801d9,complete
S1A-001,S1A-001-REP-003-ROOTSIFT-MLP-seed42,REP-003-ROOTSIFT,MLP,42,128,7,7,6272,1622466,0.71,0.67,0.75,0.71,0.7095352564102564,19,9.467970130000026,48.37453890699999,74480128,c5eb3f17c06f69647d11edfab4dcab3114069b55b4c4b79f64a41d4947692ac6,137f7502f421dcc680f4f442220e6b5b105801d9,complete
S1A-001,S1A-001-REP-004-ROOTSIFT-LBP-LinearSVC-seed42,REP-004-ROOTSIFT-LBP,LinearSVC,42,138,7,7,6762,,0.69,0.71,0.67,0.69,0.689875950380152,,104.41831319699997,48.37453890699999,74480128,c5eb3f17c06f69647d11edfab4dcab3114069b55b4c4b79f64a41d4947692ac6,137f7502f421dcc680f4f442220e6b5b105801d9,complete
S1A-001,S1A-001-REP-004-ROOTSIFT-LBP-MLP-seed42,REP-004-ROOTSIFT-LBP,MLP,42,138,7,7,6762,1747906,0.73,0.77,0.69,0.73,0.7295673076923077,7,5.386893175000068,48.37453890699999,74480128,c5eb3f17c06f69647d11edfab4dcab3114069b55b4c4b79f64a41d4947692ac6,137f7502f421dcc680f4f442220e6b5b105801d9,complete
S1A-001,S1A-001-REP-005-ROOTSIFT-LBP-HSV-LinearSVC-seed42,REP-005-ROOTSIFT-LBP-HSV,LinearSVC,42,154,7,7,7546,,0.69,0.73,0.65,0.69,0.6895032051282051,,89.31426715099985,48.37453890699999,74480128,c5eb3f17c06f69647d11edfab4dcab3114069b55b4c4b79f64a41d4947692ac6,137f7502f421dcc680f4f442220e6b5b105801d9,complete
S1A-001,S1A-001-REP-005-ROOTSIFT-LBP-HSV-MLP-seed42,REP-005-ROOTSIFT-LBP-HSV,MLP,42,154,7,7,7546,1948610,0.74,0.73,0.75,0.74,0.7399739973997399,7,6.592315879000125,48.37453890699999,74480128,c5eb3f17c06f69647d11edfab4dcab3114069b55b4c4b79f64a41d4947692ac6,137f7502f421dcc680f4f442220e6b5b105801d9,complete
S1A-001,S1A-001-REP-006-FUSION-LinearSVC-seed42,REP-006-FUSION,LinearSVC,42,190,7,7,9310,,0.765,0.81,0.72,0.765,0.7645231593977806,,15.749981268000056,48.37453890699999,74480128,c5eb3f17c06f69647d11edfab4dcab3114069b55b4c4b79f64a41d4947692ac6,137f7502f421dcc680f4f442220e6b5b105801d9,complete
S1A-001,S1A-001-REP-006-FUSION-MLP-seed42,REP-006-FUSION,MLP,42,190,7,7,9310,2400194,0.785,0.8,0.77,0.785,0.7849516141131755,5,4.383425619000036,48.37453890699999,74480128,c5eb3f17c06f69647d11edfab4dcab3114069b55b4c4b79f64a41d4947692ac6,137f7502f421dcc680f4f442220e6b5b105801d9,complete
S1B-001,S1B-001-REP-000-RAW64-LinearSVC-seed42,REP-000-RAW64,LinearSVC,42,3,64,64,12288,,0.55,0.6,0.5,0.55,0.5488721804511278,,88.76744971099993,7.980873060999954,24576128,c5eb3f17c06f69647d11edfab4dcab3114069b55b4c4b79f64a41d4947692ac6,3ef15ec2433f89a40c3559ecc24aa77c05b01b0e,complete
S1B-001,S1B-001-REP-000-RAW64-MLP-seed42,REP-000-RAW64,MLP,42,3,64,64,12288,3162562,0.64,0.54,0.74,0.64,0.6363636363636364,3,3.6107920669999203,7.980873060999954,24576128,c5eb3f17c06f69647d11edfab4dcab3114069b55b4c4b79f64a41d4947692ac6,3ef15ec2433f89a40c3559ecc24aa77c05b01b0e,complete
S1B-001,S1B-001-REP-002-HOG-LBP-LinearSVC-seed42,REP-002-HOG-LBP,LinearSVC,42,46,7,7,2254,,0.72,0.79,0.65,0.72,0.7186212440960708,,4.0104505429999335,48.37453890699999,74480128,c5eb3f17c06f69647d11edfab4dcab3114069b55b4c4b79f64a41d4947692ac6,3ef15ec2433f89a40c3559ecc24aa77c05b01b0e,complete
S1B-001,S1B-001-REP-002-HOG-LBP-MLP-seed42,REP-002-HOG-LBP,MLP,42,46,7,7,2254,593858,0.76,0.78,0.74,0.76,0.7599039615846338,6,3.1909408089998124,48.37453890699999,74480128,c5eb3f17c06f69647d11edfab4dcab3114069b55b4c4b79f64a41d4947692ac6,3ef15ec2433f89a40c3559ecc24aa77c05b01b0e,complete
S1B-001,S1B-001-REP-006-FUSION-LinearSVC-seed42,REP-006-FUSION,LinearSVC,42,190,7,7,9310,,0.765,0.81,0.72,0.765,0.7645231593977806,,16.069820514999947,48.37453890699999,74480128,c5eb3f17c06f69647d11edfab4dcab3114069b55b4c4b79f64a41d4947692ac6,3ef15ec2433f89a40c3559ecc24aa77c05b01b0e,complete
S1B-001,S1B-001-REP-006-FUSION-MLP-seed42,REP-006-FUSION,MLP,42,190,7,7,9310,2400194,0.785,0.8,0.77,0.785,0.7849516141131755,5,5.03965911399996,48.37453890699999,74480128,c5eb3f17c06f69647d11edfab4dcab3114069b55b4c4b79f64a41d4947692ac6,3ef15ec2433f89a40c3559ecc24aa77c05b01b0e,complete
S1B-001,S1B-001-REP-000-RAW64-LinearSVC-seed123,REP-000-RAW64,LinearSVC,123,3,64,64,12288,,0.495,0.49,0.5,0.495,0.49498737468436715,,92.53368053899999,7.980873060999954,24576128,27ee1119bf3fc1ba7bedc4939eb47320edb1df91e61d8c553d049e94194d9d42,3ef15ec2433f89a40c3559ecc24aa77c05b01b0e,complete
S1B-001,S1B-001-REP-000-RAW64-MLP-seed123,REP-000-RAW64,MLP,123,3,64,64,12288,3162562,0.615,0.53,0.7,0.615,0.6121981315000882,10,6.14238344499995,7.980873060999954,24576128,27ee1119bf3fc1ba7bedc4939eb47320edb1df91e61d8c553d049e94194d9d42,3ef15ec2433f89a40c3559ecc24aa77c05b01b0e,complete
S1B-001,S1B-001-REP-002-HOG-LBP-LinearSVC-seed123,REP-002-HOG-LBP,LinearSVC,123,46,7,7,2254,,0.65,0.61,0.69,0.6499999999999999,0.6494391025641025,,4.0827912570000535,48.37453890699999,74480128,27ee1119bf3fc1ba7bedc4939eb47320edb1df91e61d8c553d049e94194d9d42,3ef15ec2433f89a40c3559ecc24aa77c05b01b0e,complete
S1B-001,S1B-001-REP-002-HOG-LBP-MLP-seed123,REP-002-HOG-LBP,MLP,123,46,7,7,2254,593858,0.76,0.84,0.68,0.76,0.7584541062801933,1,2.7386581920000026,48.37453890699999,74480128,27ee1119bf3fc1ba7bedc4939eb47320edb1df91e61d8c553d049e94194d9d42,3ef15ec2433f89a40c3559ecc24aa77c05b01b0e,complete
S1B-001,S1B-001-REP-006-FUSION-LinearSVC-seed123,REP-006-FUSION,LinearSVC,123,190,7,7,9310,,0.71,0.64,0.78,0.71,0.7085720028137876,,16.836318772999903,48.37453890699999,74480128,27ee1119bf3fc1ba7bedc4939eb47320edb1df91e61d8c553d049e94194d9d42,3ef15ec2433f89a40c3559ecc24aa77c05b01b0e,complete
S1B-001,S1B-001-REP-006-FUSION-MLP-seed123,REP-006-FUSION,MLP,123,190,7,7,9310,2400194,0.79,0.77,0.81,0.79,0.7899159663865546,5,5.214856633999943,48.37453890699999,74480128,27ee1119bf3fc1ba7bedc4939eb47320edb1df91e61d8c553d049e94194d9d42,3ef15ec2433f89a40c3559ecc24aa77c05b01b0e,complete
S1B-001,S1B-001-REP-000-RAW64-LinearSVC-seed2026,REP-000-RAW64,LinearSVC,2026,3,64,64,12288,,0.55,0.65,0.45,0.55,0.5454545454545454,,86.14556097900004,7.980873060999954,24576128,ea6e39137fa9269eaabce5bd078ad1d816e89deef834b19e0797d95e3dc57c81,3ef15ec2433f89a40c3559ecc24aa77c05b01b0e,complete
S1B-001,S1B-001-REP-000-RAW64-MLP-seed2026,REP-000-RAW64,MLP,2026,3,64,64,12288,3162562,0.625,0.48,0.77,0.625,0.6169462958706811,4,4.1363907019999715,7.980873060999954,24576128,ea6e39137fa9269eaabce5bd078ad1d816e89deef834b19e0797d95e3dc57c81,3ef15ec2433f89a40c3559ecc24aa77c05b01b0e,complete
S1B-001,S1B-001-REP-002-HOG-LBP-LinearSVC-seed2026,REP-002-HOG-LBP,LinearSVC,2026,46,7,7,2254,,0.65,0.62,0.68,0.65,0.6496847162446202,,3.855677956999898,48.37453890699999,74480128,ea6e39137fa9269eaabce5bd078ad1d816e89deef834b19e0797d95e3dc57c81,3ef15ec2433f89a40c3559ecc24aa77c05b01b0e,complete
S1B-001,S1B-001-REP-002-HOG-LBP-MLP-seed2026,REP-002-HOG-LBP,MLP,2026,46,7,7,2254,593858,0.765,0.77,0.76,0.765,0.7649941248531213,3,2.88771011599988,48.37453890699999,74480128,ea6e39137fa9269eaabce5bd078ad1d816e89deef834b19e0797d95e3dc57c81,3ef15ec2433f89a40c3559ecc24aa77c05b01b0e,complete
S1B-001,S1B-001-REP-006-FUSION-LinearSVC-seed2026,REP-006-FUSION,LinearSVC,2026,190,7,7,9310,,0.665,0.65,0.68,0.665,0.6649246080368083,,14.753620446000014,48.37453890699999,74480128,ea6e39137fa9269eaabce5bd078ad1d816e89deef834b19e0797d95e3dc57c81,3ef15ec2433f89a40c3559ecc24aa77c05b01b0e,complete
S1B-001,S1B-001-REP-006-FUSION-MLP-seed2026,REP-006-FUSION,MLP,2026,190,7,7,9310,2400194,0.75,0.66,0.84,0.75,0.7479584635547938,3,3.361564789000113,48.37453890699999,74480128,ea6e39137fa9269eaabce5bd078ad1d816e89deef834b19e0797d95e3dc57c81,3ef15ec2433f89a40c3559ecc24aa77c05b01b0e,complete
