filename,true_label,predicted_label,logit_cat,logit_dog,prob_cat,prob_dog,correct
cat.1.jpg,0,0,0.6455807089805603,-0.9409465193748474,0.830126941204071,0.16987304389476776,1
cat.112.jpg,0,0,0.13146072626113892,-0.28530070185661316,0.6027080416679382,0.39729195833206177,1
cat.114.jpg,0,0,1.5299066305160522,-1.6796211004257202,0.9611912369728088,0.03880874440073967,1
cat.12.jpg,0,0,1.6210522651672363,-1.930481195449829,0.9721189737319946,0.02788098156452179,1
cat.128.jpg,0,0,0.5202581286430359,-0.6306300759315491,0.7596730589866638,0.2403268665075302,1
cat.129.jpg,0,0,-0.07693731039762497,-0.1226496696472168,0.5114260911941528,0.48857390880584717,1
cat.132.jpg,0,0,2.2123751640319824,-2.6929380893707275,0.9926474094390869,0.00735265901312232,1
cat.142.jpg,0,0,1.601804256439209,-1.7541171312332153,0.9662982225418091,0.03370179980993271,1
cat.146.jpg,0,0,1.0069092512130737,-1.0365430116653442,0.8852843046188354,0.11471565812826157,1
cat.149.jpg,0,1,-0.48486170172691345,0.6049358248710632,0.2516564130783081,0.7483435869216919,0
cat.167.jpg,0,0,2.1249964237213135,-2.4706966876983643,0.9900056719779968,0.0099943270906806,1
cat.175.jpg,0,0,1.2405509948730469,-1.5228968858718872,0.9406684041023254,0.05933164805173874,1
cat.20.jpg,0,0,-0.04016729071736336,-0.18070241808891296,0.5350760817527771,0.4649239480495453,1
cat.233.jpg,0,0,2.0270040035247803,-2.018538475036621,0.9828008413314819,0.017199216410517693,1
cat.255.jpg,0,0,2.0272216796875,-2.478911876678467,0.9890795350074768,0.010920493863523006,1
cat.258.jpg,0,1,-0.5764586925506592,0.22847743332386017,0.3089706301689148,0.6910293698310852,0
cat.264.jpg,0,0,1.3370095491409302,-1.7950564622879028,0.9581961631774902,0.041803766041994095,1
cat.265.jpg,0,0,1.833155632019043,-1.922666311264038,0.977152943611145,0.02284703403711319,1
cat.269.jpg,0,0,0.28022757172584534,-0.30397123098373413,0.6420329809188843,0.3579670190811157,1
cat.279.jpg,0,0,0.10486730188131332,-0.13123829662799835,0.5587537288665771,0.44124630093574524,1
cat.280.jpg,0,1,-0.7018445730209351,0.5534266829490662,0.22178900241851807,0.7782109975814819,0
cat.288.jpg,0,0,0.47836771607398987,-0.791328489780426,0.7806907296180725,0.2193092405796051,1
cat.298.jpg,0,1,-0.3556850254535675,0.2667582929134369,0.3492259681224823,0.6507740020751953,0
cat.320.jpg,0,0,1.6822550296783447,-1.6796520948410034,0.9664926528930664,0.033507414162158966,1
cat.336.jpg,0,0,0.03517669066786766,-0.14830633997917175,0.5457425117492676,0.4542575180530548,1
cat.36.jpg,0,0,1.2451231479644775,-1.5226486921310425,0.9409091472625732,0.05909077450633049,1
cat.362.jpg,0,0,2.5877609252929688,-2.984184741973877,0.9962114095687866,0.0037886654026806355,1
cat.367.jpg,0,0,0.1257413774728775,-0.1634960174560547,0.5718094110488892,0.42819058895111084,1
cat.368.jpg,0,0,0.7471275925636292,-0.9272119402885437,0.8421535491943359,0.15784646570682526,1
cat.4.jpg,0,0,0.6671336889266968,-0.6359108686447144,0.786346971988678,0.2136530727148056,1
cat.400.jpg,0,0,1.0887870788574219,-1.37891685962677,0.9218465089797974,0.07815350592136383,1
cat.413.jpg,0,1,-0.3384864628314972,0.333404541015625,0.3380735218524933,0.6619263887405396,0
cat.417.jpg,0,0,1.0379505157470703,-1.1864374876022339,0.902418315410614,0.09758170694112778,1
cat.426.jpg,0,0,0.052770961076021194,0.00448429211974144,0.5120693445205688,0.48793068528175354,1
cat.427.jpg,0,0,0.5117473602294922,-0.5115372538566589,0.7356119155883789,0.2643880546092987,1
cat.430.jpg,0,0,0.4425663650035858,-0.6193184852600098,0.7430505752563477,0.25694942474365234,1
cat.446.jpg,0,0,1.0467064380645752,-1.0128991603851318,0.8869146108627319,0.11308537423610687,1
cat.457.jpg,0,0,0.6812365055084229,-1.2397092580795288,0.8722438216209412,0.12775613367557526,1
cat.471.jpg,0,0,2.315264940261841,-2.588092088699341,0.992633044719696,0.007366952020674944,1
cat.475.jpg,0,0,0.6054884195327759,-0.6194756627082825,0.7729359865188599,0.22706402838230133,1
cat.480.jpg,0,1,-0.22866645455360413,0.10357314348220825,0.4176957905292511,0.5823041796684265,0
cat.482.jpg,0,0,0.8570767641067505,-1.0603867769241333,0.8718553185462952,0.12814468145370483,1
cat.484.jpg,0,0,1.5402718782424927,-1.8132258653640747,0.9662192463874817,0.033780816942453384,1
cat.503.jpg,0,1,-0.8100954294204712,0.8745363354682922,0.15648309886455536,0.8435168266296387,0
cat.518.jpg,0,0,0.15574300289154053,0.004817444831132889,0.5376599431037903,0.4623400568962097,1
cat.519.jpg,0,0,0.6248061060905457,-1.0502574443817139,0.8422497510910034,0.1577502340078354,1
cat.527.jpg,0,1,-0.4799436926841736,0.23367895185947418,0.3287988603115082,0.6712011098861694,0
cat.533.jpg,0,0,0.10784006863832474,-0.3692200183868408,0.6170534491539001,0.38294661045074463,1
cat.542.jpg,0,0,0.7268547415733337,-0.9529412388801575,0.8428775072097778,0.15712249279022217,1
cat.545.jpg,0,1,-0.3753681182861328,0.3612935245037079,0.3237345814704895,0.6762654185295105,0
cat.55.jpg,0,0,0.5885575413703918,-0.7277250289916992,0.7885625958442688,0.21143746376037598,1
cat.554.jpg,0,0,1.632050633430481,-1.873559594154358,0.970846951007843,0.029153022915124893,1
cat.555.jpg,0,0,0.6478665471076965,-0.8212016224861145,0.8129156827926636,0.18708428740501404,1
cat.556.jpg,0,0,2.7906410694122314,-3.2162702083587646,0.9975443482398987,0.0024556349962949753,1
cat.57.jpg,0,0,3.398695945739746,-3.7922823429107666,0.9992471933364868,0.000752784835640341,1
cat.574.jpg,0,0,0.23205476999282837,-0.5912778377532959,0.6949433088302612,0.30505669116973877,1
cat.583.jpg,0,1,-1.3136951923370361,1.4567011594772339,0.058945026248693466,0.9410549402236938,0
cat.598.jpg,0,0,0.5957649946212769,-0.8881105780601501,0.8151572346687317,0.1848427653312683,1
cat.621.jpg,0,0,1.352508544921875,-1.6603959798812866,0.9531537294387817,0.04684627801179886,1
cat.626.jpg,0,0,2.944666862487793,-3.2430267333984375,0.9979496598243713,0.0020503473933786154,1
cat.629.jpg,0,0,2.3101210594177246,-2.706169605255127,0.9934145212173462,0.006585414987057447,1
cat.635.jpg,0,1,-0.6619398593902588,1.017931342124939,0.15711252391338348,0.8428874611854553,0
cat.645.jpg,0,0,2.090871810913086,-2.376887083053589,0.9886571764945984,0.011342859826982021,1
cat.651.jpg,0,0,2.185147762298584,-2.732332468032837,0.9927356243133545,0.007264386862516403,1
cat.652.jpg,0,0,1.742229700088501,-1.8088246583938599,0.9721060395240784,0.02789396606385708,1
cat.659.jpg,0,0,1.635475516319275,-2.116325616836548,0.9770630598068237,0.022936973720788956,1
cat.666.jpg,0,0,1.903020977973938,-2.270948648452759,0.9848423004150391,0.015157748013734818,1
cat.673.jpg,0,1,-0.043530408293008804,0.008586887270212173,0.4869735836982727,0.5130263566970825,0
cat.699.jpg,0,0,0.32676148414611816,-0.3528156876564026,0.6636443734169006,0.33635568618774414,1
cat.712.jpg,0,0,1.3314393758773804,-1.24663507938385,0.9294370412826538,0.07056290656328201,1
cat.723.jpg,0,0,1.184600830078125,-1.3196377754211426,0.9244384765625,0.07556157559156418,1
cat.740.jpg,0,0,0.07271524518728256,-0.35979601740837097,0.6064731478691101,0.3935268223285675,1
cat.747.jpg,0,0,0.7381232976913452,-0.9609162211418152,0.8454092741012573,0.15459077060222626,1
cat.758.jpg,0,0,2.998236894607544,-3.181192636489868,0.9979326725006104,0.002067326568067074,1
cat.766.jpg,0,0,2.290817975997925,-2.607154130935669,0.9925935864448547,0.00740643497556448,1
cat.774.jpg,0,0,0.989910364151001,-1.0398108959197998,0.8838825225830078,0.11611753702163696,1
cat.783.jpg,0,0,0.2590748965740204,-0.5930871367454529,0.7010204792022705,0.2989795207977295,1
cat.786.jpg,0,0,0.6862975358963013,-0.8130851984024048,0.8174824118614197,0.18251760303974152,1
cat.788.jpg,0,0,1.8390753269195557,-2.4135031700134277,0.9859720468521118,0.014027914963662624,1
cat.792.jpg,0,0,1.892066240310669,-2.274895429611206,0.9847373366355896,0.015262720175087452,1
cat.794.jpg,0,0,3.185305595397949,-3.6625707149505615,0.9989394545555115,0.0010605817660689354,1
cat.798.jpg,0,1,-1.6863094568252563,1.9693325757980347,0.02519376575946808,0.9748061895370483,0
cat.809.jpg,0,0,0.8082287311553955,-0.8446383476257324,0.8392781615257263,0.1607218235731125,1
cat.81.jpg,0,0,1.8533880710601807,-2.092421293258667,0.9810312390327454,0.018968788906931877,1
cat.811.jpg,0,1,-0.09849027544260025,-0.043263863772153854,0.4861968755722046,0.5138030648231506,0
cat.816.jpg,0,0,1.5761198997497559,-1.8397016525268555,0.9681953191757202,0.0318046435713768,1
cat.827.jpg,0,0,0.46113625168800354,-0.5700028538703918,0.7371366620063782,0.26286330819129944,1
cat.857.jpg,0,0,0.7591738700866699,-0.9991594552993774,0.853000819683075,0.14699919521808624,1
cat.862.jpg,0,0,2.1473746299743652,-2.8751397132873535,0.9934551119804382,0.006544824223965406,1
cat.890.jpg,0,0,1.109987735748291,-1.1057676076889038,0.9016554355621338,0.09834453463554382,1
cat.900.jpg,0,1,-0.37056154012680054,0.14443299174308777,0.3740234375,0.6259765625,0
cat.904.jpg,0,1,-0.8108484745025635,0.6325376629829407,0.19102153182029724,0.8089784383773804,0
cat.905.jpg,0,0,1.4935084581375122,-1.7632213830947876,0.9629141688346863,0.03708581253886223,1
cat.917.jpg,0,0,0.634120523929596,-0.9109381437301636,0.8241989016532898,0.175801083445549,1
cat.919.jpg,0,0,1.818884253501892,-1.7652276754379272,0.9729885458946228,0.027011437341570854,1
cat.929.jpg,0,0,1.0989137887954712,-1.3928276300430298,0.9235608577728271,0.07643917202949524,1
cat.930.jpg,0,1,-0.46170473098754883,0.43685176968574524,0.28934723138809204,0.710652768611908,0
cat.934.jpg,0,1,-0.6463314294815063,0.6907433271408081,0.20799152553081512,0.7920084595680237,0
cat.945.jpg,0,0,0.3237082362174988,-0.6604022979736328,0.7279230952262878,0.27207693457603455,1
cat.968.jpg,0,0,0.9526220560073853,-1.3495299816131592,0.9090551137924194,0.09094487875699997,1
dog.0.jpg,1,1,-1.0655603408813477,0.9324731826782227,0.11940955370664597,0.8805904984474182,1
dog.101.jpg,1,1,-0.3520614802837372,0.33905473351478577,0.3337847888469696,0.666215181350708,1
dog.102.jpg,1,1,-1.9776582717895508,2.1921935081481934,0.015219341963529587,0.9847806692123413,1
dog.103.jpg,1,1,-1.0180681943893433,1.1246050596237183,0.10501786321401596,0.894982099533081,1
dog.104.jpg,1,1,-0.9078799486160278,0.9460851550102234,0.13540802896022797,0.8645920157432556,1
dog.109.jpg,1,0,0.38408586382865906,-0.7321643829345703,0.7532925009727478,0.246707484126091,0
dog.127.jpg,1,0,0.841517448425293,-1.027834415435791,0.8663833141326904,0.13361674547195435,0
dog.151.jpg,1,1,-1.763718843460083,2.0580697059631348,0.021419769152998924,0.9785802364349365,1
dog.16.jpg,1,1,-1.1105507612228394,1.19345223903656,0.0907919853925705,0.9092080593109131,1
dog.160.jpg,1,0,0.39671212434768677,-0.8591195344924927,0.7783076763153076,0.2216922640800476,0
dog.165.jpg,1,1,-0.5574758052825928,0.4724484384059906,0.2630987763404846,0.7369012236595154,1
dog.171.jpg,1,1,-0.9923257827758789,1.0319620370864868,0.11667636036872864,0.883323609828949,1
dog.173.jpg,1,1,-0.40151864290237427,0.27961474657058716,0.33600836992263794,0.6639915704727173,1
dog.178.jpg,1,1,-1.8601093292236328,2.096251964569092,0.01877342164516449,0.9812265634536743,1
dog.180.jpg,1,0,-0.09377245604991913,-0.09387965500354767,0.5000268220901489,0.49997323751449585,0
dog.186.jpg,1,0,0.7491565346717834,-0.7700639367103577,0.8204236626625061,0.1795763373374939,0
dog.191.jpg,1,1,-1.598144292831421,1.7881323099136353,0.032727114856243134,0.9672728776931763,1
dog.193.jpg,1,1,-0.3079976737499237,0.3903612494468689,0.33217617869377136,0.667823851108551,1
dog.199.jpg,1,0,0.9438879489898682,-1.095910668373108,0.8849127888679504,0.11508722603321075,0
dog.208.jpg,1,1,-2.1906604766845703,2.2105703353881836,0.01211369689553976,0.9878863096237183,1
dog.209.jpg,1,1,-1.5660052299499512,1.9480122327804565,0.02891600877046585,0.9710839986801147,1
dog.216.jpg,1,1,-0.26347509026527405,0.15504029393196106,0.39687207341194153,0.6031279563903809,1
dog.221.jpg,1,1,-0.5424034595489502,0.7979964017868042,0.20744432508945465,0.7925557494163513,1
dog.245.jpg,1,1,-0.572006106376648,0.7549002766609192,0.2096715271472931,0.7903284430503845,1
dog.252.jpg,1,0,0.07861629873514175,-0.21691317856311798,0.5733492970466614,0.4266507029533386,0
dog.258.jpg,1,1,-0.8267615437507629,1.084517002105713,0.12883728742599487,0.8711627125740051,1
dog.262.jpg,1,0,0.7269514799118042,-0.7157384157180786,0.8088708519935608,0.1911291480064392,0
dog.28.jpg,1,1,-0.5888165235519409,0.4616853892803192,0.25912871956825256,0.740871250629425,1
dog.284.jpg,1,0,0.9061294794082642,-0.7687202095985413,0.8422213196754456,0.15777865052223206,0
dog.300.jpg,1,1,-1.0057315826416016,0.904412567615509,0.12896466255187988,0.8710353374481201,1
dog.308.jpg,1,1,-0.743344247341156,0.6732625365257263,0.1951940804719925,0.8048059344291687,1
dog.320.jpg,1,1,-0.8229324221611023,0.9442631602287292,0.1458914428949356,0.8541086316108704,1
dog.326.jpg,1,1,-0.3914494216442108,0.17670585215091705,0.3616625964641571,0.6383374333381653,1
dog.339.jpg,1,0,1.0002211332321167,-1.0878667831420898,0.8897399306297302,0.1102599948644638,0
dog.358.jpg,1,1,-1.7081995010375977,1.9884141683578491,0.02420688048005104,0.975793182849884,1
dog.360.jpg,1,1,-2.155172109603882,2.427738666534424,0.010121598839759827,0.9898784160614014,1
dog.365.jpg,1,1,-0.5456268787384033,0.5099907517433167,0.25814786553382874,0.7418522238731384,1
dog.37.jpg,1,1,-2.0536787509918213,2.3123106956481934,0.012542758136987686,0.9874572157859802,1
dog.380.jpg,1,0,0.7435319423675537,-0.6699057817459106,0.8043075799942017,0.19569240510463715,0
dog.387.jpg,1,1,-1.5146629810333252,1.3620820045471191,0.0533151850104332,0.9466847777366638,1
dog.412.jpg,1,0,0.8412678837776184,-0.8478012681007385,0.8441016674041748,0.1558982878923416,0
dog.417.jpg,1,1,-2.538163661956787,2.884227991104126,0.004397149663418531,0.9956028461456299,1
dog.436.jpg,1,1,-0.2505866587162018,0.033504728227853775,0.42945098876953125,0.5705490112304688,1
dog.459.jpg,1,0,0.947521448135376,-1.013447642326355,0.8766377568244934,0.12336219847202301,0
dog.472.jpg,1,1,-1.773282766342163,2.0787925720214844,0.02079404518008232,0.9792059659957886,1
dog.488.jpg,1,1,-2.0338234901428223,2.4833269119262695,0.010802137665450573,0.9891979098320007,1
dog.493.jpg,1,1,-2.6113460063934326,3.113077163696289,0.0032546082511544228,0.9967453479766846,1
dog.509.jpg,1,1,-0.45128345489501953,0.3832007646560669,0.30269771814346313,0.6973022222518921,1
dog.510.jpg,1,1,-0.8330709934234619,0.9925644993782043,0.13875903189182281,0.8612409830093384,1
dog.522.jpg,1,1,-0.15531456470489502,0.24485011398792267,0.4012727737426758,0.5987272262573242,1
dog.536.jpg,1,1,-1.0160812139511108,1.0270477533340454,0.1147485077381134,0.885251522064209,1
dog.537.jpg,1,0,0.4113185405731201,-0.5148500204086304,0.7162973284721375,0.28370270133018494,0
dog.541.jpg,1,1,-0.8621304631233215,0.49504002928733826,0.2047005593776703,0.7952994704246521,1
dog.547.jpg,1,1,-0.3551430106163025,0.3604745864868164,0.3283587694168091,0.6716412901878357,1
dog.550.jpg,1,0,1.1643649339675903,-1.4656462669372559,0.9327682852745056,0.06723175942897797,0
dog.564.jpg,1,0,0.2175910770893097,-0.3061951994895935,0.6280327439308167,0.3719673156738281,0
dog.587.jpg,1,1,-0.4051547348499298,0.4394147992134094,0.3005732595920563,0.6994267106056213,1
dog.591.jpg,1,1,-0.2821405827999115,0.06132154539227486,0.41496869921684265,0.585031270980835,1
dog.602.jpg,1,1,-0.7433553338050842,0.6983159184455872,0.19128668308258057,0.8087133169174194,1
dog.608.jpg,1,1,-0.7498013973236084,0.7411031126976013,0.18378598988056183,0.8162139654159546,1
dog.61.jpg,1,1,-1.1378817558288574,1.0106689929962158,0.10446672141551971,0.8955332636833191,1
dog.614.jpg,1,1,-0.07305628806352615,0.17293567955493927,0.43881022930145264,0.5611897110939026,1
dog.616.jpg,1,1,-0.07826703041791916,0.24635465443134308,0.419549822807312,0.580450177192688,1
dog.623.jpg,1,1,-1.5818252563476562,1.4254978895187378,0.0470961257815361,0.9529038667678833,1
dog.624.jpg,1,1,-0.8187037110328674,0.9107855558395386,0.1506529152393341,0.8493471145629883,1
dog.644.jpg,1,1,-2.142714023590088,2.3252806663513184,0.011340218596160412,0.9886597394943237,1
dog.651.jpg,1,1,-0.7708242535591125,0.6486730575561523,0.1947403997182846,0.8052595853805542,1
dog.669.jpg,1,1,-0.8698760271072388,0.8828850388526917,0.1476992815732956,0.8523007035255432,1
dog.686.jpg,1,1,-2.492011547088623,2.5629944801330566,0.00633691530674696,0.9936630725860596,1
dog.70.jpg,1,0,1.4467052221298218,-1.7225791215896606,0.9596619009971619,0.04033811017870903,0
dog.702.jpg,1,1,-0.8347173929214478,0.6142264008522034,0.19016414880752563,0.8098357915878296,1
dog.712.jpg,1,0,0.9339103698730469,-1.1267136335372925,0.887016773223877,0.11298326402902603,0
dog.722.jpg,1,1,-2.2379865646362305,2.5085926055908203,0.008606625720858574,0.9913934469223022,1
dog.728.jpg,1,1,-1.0424156188964844,1.3306466341018677,0.08525004237890244,0.9147499203681946,1
dog.73.jpg,1,1,-0.7982107996940613,0.9090406894683838,0.15352055430412292,0.8464794754981995,1
dog.744.jpg,1,1,-0.32024404406547546,0.1509074717760086,0.3843437135219574,0.6156562566757202,1
dog.766.jpg,1,1,-1.8125232458114624,1.8471473455429077,0.025095021352171898,0.9749050140380859,1
dog.770.jpg,1,1,-0.24336540699005127,0.3141627311706543,0.36411961913108826,0.6358804106712341,1
dog.781.jpg,1,0,0.12632900476455688,-0.14657020568847656,0.5678045153617859,0.4321954846382141,0
dog.798.jpg,1,1,-2.3563361167907715,2.7755634784698486,0.005870662163943052,0.9941293001174927,1
dog.825.jpg,1,1,-2.542947292327881,2.5815842151641846,0.0059138210490345955,0.9940861463546753,1
dog.827.jpg,1,1,-0.5564047694206238,0.9439898133277893,0.18236668407917023,0.817633330821991,1
dog.842.jpg,1,1,-0.3420909643173218,-0.07452285289764404,0.43350422382354736,0.5664957761764526,1
dog.863.jpg,1,1,-2.43040132522583,2.5531516075134277,0.006803084164857864,0.993196964263916,1
dog.869.jpg,1,1,-0.3315367102622986,0.09435459971427917,0.3951078951358795,0.6048921346664429,1
dog.875.jpg,1,1,-0.9409600496292114,1.0326861143112183,0.12199779599905014,0.8780022263526917,1
dog.876.jpg,1,1,-1.3414514064788818,1.209526777267456,0.0723607987165451,0.9276391863822937,1
dog.880.jpg,1,1,-0.7842956185340881,0.7516998052597046,0.17711816728115082,0.822881817817688,1
dog.882.jpg,1,1,-1.1775639057159424,1.160465121269226,0.08802201598882675,0.911978006362915,1
dog.896.jpg,1,1,-2.6584343910217285,2.833167791366577,0.004104322288185358,0.9958957433700562,1
dog.897.jpg,1,1,-0.27109429240226746,0.37508079409599304,0.3438519835472107,0.6561480164527893,1
dog.903.jpg,1,0,0.965063750743866,-1.2557634115219116,0.9021042585372925,0.09789573401212692,0
dog.905.jpg,1,1,-2.027799129486084,2.446636199951172,0.011268235743045807,0.9887318015098572,1
dog.908.jpg,1,1,0.003728254698216915,0.010780680924654007,0.49823689460754395,0.501763105392456,1
dog.928.jpg,1,1,-0.8312410116195679,0.9417115449905396,0.1451755315065384,0.8548244833946228,1
dog.932.jpg,1,1,-0.3430880904197693,-0.23433195054531097,0.47283777594566345,0.5271623134613037,1
dog.954.jpg,1,0,1.023329734802246,-1.4272180795669556,0.920601487159729,0.079398512840271,0
dog.955.jpg,1,1,-1.2600163221359253,1.1949433088302612,0.0790766105055809,0.9209233522415161,1
dog.963.jpg,1,0,0.45300057530403137,-0.3227400481700897,0.6847614049911499,0.3152386248111725,0
dog.998.jpg,1,0,1.8229234218597412,-2.0282230377197266,0.97918701171875,0.02081296779215336,0
