filename,true_label,predicted_label,score_or_margin,correct
cat.100.jpg,0,1,2.0901758670806885,0
cat.102.jpg,0,0,-3.1474575996398926,1
cat.106.jpg,0,0,-4.725089073181152,1
cat.115.jpg,0,0,-0.09609565138816833,1
cat.167.jpg,0,0,-5.363641738891602,1
cat.178.jpg,0,0,-4.240509033203125,1
cat.189.jpg,0,0,-5.733067989349365,1
cat.204.jpg,0,0,-1.250477910041809,1
cat.207.jpg,0,0,-6.107367992401123,1
cat.216.jpg,0,1,5.879472732543945,0
cat.227.jpg,0,0,-7.884054660797119,1
cat.234.jpg,0,0,-0.011896073818206787,1
cat.238.jpg,0,1,4.574173927307129,0
cat.259.jpg,0,1,0.7427405714988708,0
cat.270.jpg,0,0,-2.9110028743743896,1
cat.274.jpg,0,0,-2.6982240676879883,1
cat.287.jpg,0,0,-3.5192387104034424,1
cat.3.jpg,0,1,2.304810047149658,0
cat.306.jpg,0,0,-5.879415035247803,1
cat.307.jpg,0,0,-1.596886396408081,1
cat.313.jpg,0,0,-1.4738223552703857,1
cat.316.jpg,0,0,-4.346732139587402,1
cat.318.jpg,0,0,-0.8559352159500122,1
cat.328.jpg,0,0,-0.8931443095207214,1
cat.329.jpg,0,0,-5.141326427459717,1
cat.33.jpg,0,0,-1.0305098295211792,1
cat.333.jpg,0,0,-4.055900573730469,1
cat.336.jpg,0,1,0.191556915640831,0
cat.338.jpg,0,0,-1.756423830986023,1
cat.347.jpg,0,1,1.1930677890777588,0
cat.348.jpg,0,0,-1.4984463453292847,1
cat.35.jpg,0,0,-5.480598449707031,1
cat.358.jpg,0,0,-4.702449321746826,1
cat.36.jpg,0,0,-3.3939998149871826,1
cat.365.jpg,0,1,2.4681029319763184,0
cat.37.jpg,0,0,-7.258018970489502,1
cat.372.jpg,0,0,-0.5702211260795593,1
cat.374.jpg,0,1,0.6014453768730164,0
cat.375.jpg,0,1,1.5217653512954712,0
cat.381.jpg,0,0,-6.651374816894531,1
cat.383.jpg,0,0,-2.090360641479492,1
cat.393.jpg,0,0,-6.088356971740723,1
cat.40.jpg,0,1,1.624833106994629,0
cat.420.jpg,0,0,-5.195402145385742,1
cat.468.jpg,0,1,1.0027716159820557,0
cat.483.jpg,0,0,-4.675230503082275,1
cat.489.jpg,0,0,-2.3207645416259766,1
cat.492.jpg,0,0,-5.0359368324279785,1
cat.500.jpg,0,0,-0.17409747838974,1
cat.503.jpg,0,0,-1.8320119380950928,1
cat.520.jpg,0,0,-4.150074005126953,1
cat.521.jpg,0,0,-4.261213302612305,1
cat.532.jpg,0,1,3.211555242538452,0
cat.536.jpg,0,0,-0.3691592216491699,1
cat.550.jpg,0,0,-4.381755828857422,1
cat.551.jpg,0,0,-1.9626591205596924,1
cat.562.jpg,0,0,-6.52646541595459,1
cat.566.jpg,0,0,-2.7951745986938477,1
cat.57.jpg,0,0,-6.567394733428955,1
cat.570.jpg,0,0,-0.7171605229377747,1
cat.587.jpg,0,0,-1.844354510307312,1
cat.59.jpg,0,1,1.7541673183441162,0
cat.590.jpg,0,0,-2.5439774990081787,1
cat.597.jpg,0,0,-4.769089221954346,1
cat.602.jpg,0,0,-2.7599520683288574,1
cat.620.jpg,0,0,-4.984444618225098,1
cat.629.jpg,0,0,-6.773663520812988,1
cat.664.jpg,0,0,-4.827369213104248,1
cat.669.jpg,0,0,-2.739612102508545,1
cat.67.jpg,0,0,-0.45099249482154846,1
cat.671.jpg,0,0,-3.4654979705810547,1
cat.676.jpg,0,1,3.070664405822754,0
cat.681.jpg,0,0,-1.8625707626342773,1
cat.690.jpg,0,1,1.0422109365463257,0
cat.707.jpg,0,0,-0.010331898927688599,1
cat.709.jpg,0,1,4.9344801902771,0
cat.71.jpg,0,0,-5.908749103546143,1
cat.737.jpg,0,1,4.600305557250977,0
cat.743.jpg,0,0,-0.40183594822883606,1
cat.786.jpg,0,0,-1.9217474460601807,1
cat.789.jpg,0,1,1.265013337135315,0
cat.792.jpg,0,0,-5.9590630531311035,1
cat.81.jpg,0,0,-6.272039890289307,1
cat.821.jpg,0,1,2.4218854904174805,0
cat.822.jpg,0,0,-0.6281822323799133,1
cat.841.jpg,0,0,-0.8809285163879395,1
cat.845.jpg,0,0,-2.302645683288574,1
cat.846.jpg,0,0,-1.2450535297393799,1
cat.848.jpg,0,0,-2.105203151702881,1
cat.851.jpg,0,0,-7.407482147216797,1
cat.874.jpg,0,0,-4.573179244995117,1
cat.906.jpg,0,0,-1.2424745559692383,1
cat.909.jpg,0,0,-0.09802338480949402,1
cat.920.jpg,0,0,-2.2227084636688232,1
cat.937.jpg,0,0,-7.651082992553711,1
cat.949.jpg,0,0,-3.260171413421631,1
cat.96.jpg,0,1,1.570268154144287,0
cat.963.jpg,0,0,-3.0289902687072754,1
cat.984.jpg,0,0,-5.1920857429504395,1
cat.991.jpg,0,0,-0.478908509016037,1
dog.105.jpg,1,1,7.465750694274902,1
dog.109.jpg,1,0,-2.2713561058044434,0
dog.118.jpg,1,0,-2.743107318878174,0
dog.129.jpg,1,1,3.6571037769317627,1
dog.146.jpg,1,1,1.5439913272857666,1
dog.153.jpg,1,0,-0.5482031106948853,0
dog.155.jpg,1,1,6.290753364562988,1
dog.16.jpg,1,0,-0.18901970982551575,0
dog.160.jpg,1,1,3.385244846343994,1
dog.168.jpg,1,0,-0.5577074289321899,0
dog.172.jpg,1,1,8.588031768798828,1
dog.179.jpg,1,1,0.8973374366760254,1
dog.18.jpg,1,1,0.41841402649879456,1
dog.188.jpg,1,0,-6.587493896484375,0
dog.194.jpg,1,1,6.540979385375977,1
dog.197.jpg,1,1,5.124689102172852,1
dog.201.jpg,1,1,10.478849411010742,1
dog.218.jpg,1,1,0.5413332581520081,1
dog.22.jpg,1,1,5.78436803817749,1
dog.223.jpg,1,1,8.546701431274414,1
dog.24.jpg,1,1,1.2683970928192139,1
dog.249.jpg,1,0,-2.1295037269592285,0
dog.260.jpg,1,1,1.5079660415649414,1
dog.264.jpg,1,1,1.241483449935913,1
dog.270.jpg,1,1,2.447927236557007,1
dog.282.jpg,1,1,3.444286584854126,1
dog.298.jpg,1,1,6.93040657043457,1
dog.300.jpg,1,0,-1.597460389137268,0
dog.313.jpg,1,1,0.6461110711097717,1
dog.323.jpg,1,1,7.2353410720825195,1
dog.328.jpg,1,1,8.81614875793457,1
dog.330.jpg,1,1,3.4589524269104004,1
dog.349.jpg,1,0,-2.9187397956848145,0
dog.355.jpg,1,1,12.990479469299316,1
dog.361.jpg,1,1,3.8136284351348877,1
dog.388.jpg,1,1,3.5368475914001465,1
dog.389.jpg,1,1,2.4499073028564453,1
dog.390.jpg,1,1,3.8663525581359863,1
dog.391.jpg,1,1,2.488462448120117,1
dog.448.jpg,1,1,1.1818509101867676,1
dog.463.jpg,1,1,5.031347274780273,1
dog.465.jpg,1,1,3.862184524536133,1
dog.47.jpg,1,0,-1.9324650764465332,0
dog.470.jpg,1,1,13.505356788635254,1
dog.474.jpg,1,1,3.639721393585205,1
dog.475.jpg,1,1,5.331606864929199,1
dog.484.jpg,1,1,7.700624942779541,1
dog.502.jpg,1,1,4.278111457824707,1
dog.505.jpg,1,0,-6.137700080871582,0
dog.511.jpg,1,1,3.503143310546875,1
dog.512.jpg,1,1,0.21479268372058868,1
dog.544.jpg,1,1,5.265429973602295,1
dog.545.jpg,1,1,5.500300884246826,1
dog.557.jpg,1,0,-4.519224166870117,0
dog.560.jpg,1,0,-4.4935526847839355,0
dog.57.jpg,1,0,-2.0336718559265137,0
dog.570.jpg,1,1,8.1650390625,1
dog.580.jpg,1,1,7.129356384277344,1
dog.586.jpg,1,1,3.2132585048675537,1
dog.592.jpg,1,1,3.6223626136779785,1
dog.596.jpg,1,1,1.510646939277649,1
dog.609.jpg,1,0,-2.6207616329193115,0
dog.61.jpg,1,1,4.594155788421631,1
dog.613.jpg,1,0,-2.8222005367279053,0
dog.615.jpg,1,1,1.2194066047668457,1
dog.620.jpg,1,0,-4.659056663513184,0
dog.622.jpg,1,1,6.415088653564453,1
dog.625.jpg,1,1,5.883325576782227,1
dog.629.jpg,1,1,0.48699456453323364,1
dog.66.jpg,1,1,5.273350715637207,1
dog.688.jpg,1,1,6.490983963012695,1
dog.695.jpg,1,1,4.708745956420898,1
dog.698.jpg,1,1,1.0364704132080078,1
dog.708.jpg,1,1,8.265284538269043,1
dog.710.jpg,1,1,4.382509231567383,1
dog.728.jpg,1,1,3.977479934692383,1
dog.733.jpg,1,0,-1.2076172828674316,0
dog.745.jpg,1,1,3.9244227409362793,1
dog.749.jpg,1,1,5.574642181396484,1
dog.783.jpg,1,1,4.569509983062744,1
dog.79.jpg,1,1,6.3924431800842285,1
dog.797.jpg,1,0,-0.6279094219207764,0
dog.817.jpg,1,1,7.368169784545898,1
dog.832.jpg,1,1,9.245367050170898,1
dog.857.jpg,1,1,3.016219139099121,1
dog.868.jpg,1,0,-2.791156053543091,0
dog.874.jpg,1,1,8.135274887084961,1
dog.878.jpg,1,0,-3.471914529800415,0
dog.882.jpg,1,1,3.749692440032959,1
dog.893.jpg,1,1,5.444676876068115,1
dog.896.jpg,1,1,6.408156394958496,1
dog.906.jpg,1,1,2.3578009605407715,1
dog.907.jpg,1,0,-3.3382458686828613,0
dog.924.jpg,1,1,1.7758303880691528,1
dog.936.jpg,1,1,6.71400260925293,1
dog.939.jpg,1,1,3.6879358291625977,1
dog.953.jpg,1,1,7.344686031341553,1
dog.963.jpg,1,0,-6.468199253082275,0
dog.986.jpg,1,1,8.121650695800781,1
dog.992.jpg,1,1,10.488269805908203,1
