experiment_id,architecture_id,sequence_representation,seed,parameter_count,sequence_length,rnn_input_size,hidden_size,num_layers,bidirectional,best_epoch,train_accuracy_at_best_epoch,final_train_accuracy,validation_loss,validation_accuracy,cat_accuracy,dog_accuracy,balanced_accuracy,macro_f1,fit_seconds,gradient_clip_norm,split_sha256,feature_cache_manifest_sha256,code_commit,status,source_run
RNN-ARCH-001-RNN-ARCH-A-seed42,RNN-ARCH-A,row,42,187138,7,1330,128,1,False,13,0.9722222222222222,0.9872222222222222,0.6963276290893554,0.75,0.78,0.72,0.75,0.7497747973175859,5.667575752000001,1.0,c5eb3f17c06f69647d11edfab4dcab3114069b55b4c4b79f64a41d4947692ac6,97f9453652a511952fad677d596feb41e33d2c9c9f94024ec616c9916767ecd6,f4f789bca99afce211865587704f9f8fe7604a16,complete,report/rnn_architecture/experiments/RNN-ARCH-A/seed42
RNN-ARCH-001-RNN-ARCH-A-seed123,RNN-ARCH-A,row,123,187138,7,1330,128,1,False,6,0.8466666666666667,0.9561111111111111,0.5312616062164307,0.775,0.9,0.65,0.775,0.7714285714285715,4.010353702,1.0,27ee1119bf3fc1ba7bedc4939eb47320edb1df91e61d8c553d049e94194d9d42,97f9453652a511952fad677d596feb41e33d2c9c9f94024ec616c9916767ecd6,f4f789bca99afce211865587704f9f8fe7604a16,complete,report/rnn_architecture/experiments/RNN-ARCH-A/seed123
RNN-ARCH-001-RNN-ARCH-A-seed2026,RNN-ARCH-A,row,2026,187138,7,1330,128,1,False,9,0.9266666666666666,0.9416666666666667,0.6784315204620361,0.735,0.77,0.7,0.735,0.7346749768466372,3.845310371,1.0,ea6e39137fa9269eaabce5bd078ad1d816e89deef834b19e0797d95e3dc57c81,97f9453652a511952fad677d596feb41e33d2c9c9f94024ec616c9916767ecd6,f4f789bca99afce211865587704f9f8fe7604a16,complete,report/rnn_architecture/experiments/RNN-ARCH-A/seed2026
RNN-ARCH-001-RNN-ARCH-B-seed42,RNN-ARCH-B,row,42,274562,7,1330,96,1,True,11,0.985,0.985,0.5928162527084351,0.76,0.8,0.72,0.76,0.7596153846153846,4.751714144999998,1.0,c5eb3f17c06f69647d11edfab4dcab3114069b55b4c4b79f64a41d4947692ac6,97f9453652a511952fad677d596feb41e33d2c9c9f94024ec616c9916767ecd6,f4f789bca99afce211865587704f9f8fe7604a16,complete,report/rnn_architecture/experiments/RNN-ARCH-B/seed42
RNN-ARCH-001-RNN-ARCH-B-seed123,RNN-ARCH-B,row,123,274562,7,1330,96,1,True,14,0.9988888888888889,0.9988888888888889,0.5977931928634643,0.785,0.79,0.78,0.785,0.7849946248656217,6.207449042999997,1.0,27ee1119bf3fc1ba7bedc4939eb47320edb1df91e61d8c553d049e94194d9d42,97f9453652a511952fad677d596feb41e33d2c9c9f94024ec616c9916767ecd6,f4f789bca99afce211865587704f9f8fe7604a16,complete,report/rnn_architecture/experiments/RNN-ARCH-B/seed123
RNN-ARCH-001-RNN-ARCH-B-seed2026,RNN-ARCH-B,row,2026,274562,7,1330,96,1,True,5,0.8561111111111112,0.9766666666666667,0.6274311763048172,0.735,0.58,0.89,0.735,0.7284766515535746,5.179613809999999,1.0,ea6e39137fa9269eaabce5bd078ad1d816e89deef834b19e0797d95e3dc57c81,97f9453652a511952fad677d596feb41e33d2c9c9f94024ec616c9916767ecd6,f4f789bca99afce211865587704f9f8fe7604a16,complete,report/rnn_architecture/experiments/RNN-ARCH-B/seed2026
RNN-ARCH-001-RNN-ARCH-C-seed42,RNN-ARCH-C,cell_raster,42,82434,49,190,128,1,True,11,0.8672222222222222,0.8894444444444445,0.5737105059623718,0.76,0.83,0.69,0.76,0.7588182092252035,5.910268118000005,1.0,c5eb3f17c06f69647d11edfab4dcab3114069b55b4c4b79f64a41d4947692ac6,97f9453652a511952fad677d596feb41e33d2c9c9f94024ec616c9916767ecd6,f4f789bca99afce211865587704f9f8fe7604a16,complete,report/rnn_architecture/experiments/RNN-ARCH-C/seed42
RNN-ARCH-001-RNN-ARCH-C-seed123,RNN-ARCH-C,cell_raster,123,82434,49,190,128,1,True,7,0.8238888888888889,0.8788888888888889,0.5303848028182984,0.76,0.84,0.68,0.76,0.7584541062801933,5.165344304000001,1.0,27ee1119bf3fc1ba7bedc4939eb47320edb1df91e61d8c553d049e94194d9d42,97f9453652a511952fad677d596feb41e33d2c9c9f94024ec616c9916767ecd6,f4f789bca99afce211865587704f9f8fe7604a16,complete,report/rnn_architecture/experiments/RNN-ARCH-C/seed123
RNN-ARCH-001-RNN-ARCH-C-seed2026,RNN-ARCH-C,cell_raster,2026,82434,49,190,128,1,True,2,0.715,0.82,0.5716474771499633,0.75,0.75,0.75,0.75,0.75,3.789827798999994,1.0,ea6e39137fa9269eaabce5bd078ad1d816e89deef834b19e0797d95e3dc57c81,97f9453652a511952fad677d596feb41e33d2c9c9f94024ec616c9916767ecd6,f4f789bca99afce211865587704f9f8fe7604a16,complete,report/rnn_architecture/experiments/RNN-ARCH-C/seed2026
