architecture_id,seed,parameter_count,best_epoch,train_loss_at_best_epoch,train_accuracy_at_best_epoch,final_train_loss,final_train_accuracy,validation_loss,validation_accuracy,cat_accuracy,dog_accuracy,balanced_accuracy,macro_f1,fit_seconds,split_sha256,feature_cache_manifest_sha256,code_commit,status,source_run
CNN-ARCH-A,42,123522,7,0.30383352677027387,0.8622222222222222,0.14972135523955027,0.9488888888888889,0.5616480088233948,0.79,0.93,0.65,0.79,0.7858017135862914,6.493692537999991,c5eb3f17c06f69647d11edfab4dcab3114069b55b4c4b79f64a41d4947692ac6,97f9453652a511952fad677d596feb41e33d2c9c9f94024ec616c9916767ecd6,e20ce815b5e4b11c21cc49a75ecf901b408e0f3e,complete,report/cnn_architecture/experiments/CNN-ARCH-A/seed42/metrics.json
CNN-ARCH-A,123,123522,6,0.3284212930997213,0.8538888888888889,0.18753019147449068,0.9327777777777778,0.43818604230880737,0.815,0.85,0.78,0.815,0.8147730970438787,5.140301769000004,27ee1119bf3fc1ba7bedc4939eb47320edb1df91e61d8c553d049e94194d9d42,97f9453652a511952fad677d596feb41e33d2c9c9f94024ec616c9916767ecd6,e20ce815b5e4b11c21cc49a75ecf901b408e0f3e,complete,report/cnn_architecture/experiments/CNN-ARCH-A/seed123/metrics.json
CNN-ARCH-A,2026,123522,7,0.30072761555512745,0.8644444444444445,0.1895713472366333,0.9277777777777778,0.5913653576374054,0.765,0.78,0.75,0.765,0.7649471131004475,5.325972645999997,ea6e39137fa9269eaabce5bd078ad1d816e89deef834b19e0797d95e3dc57c81,97f9453652a511952fad677d596feb41e33d2c9c9f94024ec616c9916767ecd6,e20ce815b5e4b11c21cc49a75ecf901b408e0f3e,complete,report/cnn_architecture/experiments/CNN-ARCH-A/seed2026/metrics.json
CNN-ARCH-B,42,168962,5,0.2887802680995729,0.8816666666666667,0.11685423324505488,0.96,0.5808613157272339,0.755,0.89,0.62,0.755,0.7504519874716712,6.775690970999989,c5eb3f17c06f69647d11edfab4dcab3114069b55b4c4b79f64a41d4947692ac6,97f9453652a511952fad677d596feb41e33d2c9c9f94024ec616c9916767ecd6,e20ce815b5e4b11c21cc49a75ecf901b408e0f3e,complete,report/cnn_architecture/experiments/CNN-ARCH-B/seed42/metrics.json
CNN-ARCH-B,123,168962,6,0.2530351440111796,0.9,0.09285603529877133,0.97,0.46030790090560914,0.815,0.86,0.77,0.815,0.8146246148450612,6.953322251000003,27ee1119bf3fc1ba7bedc4939eb47320edb1df91e61d8c553d049e94194d9d42,97f9453652a511952fad677d596feb41e33d2c9c9f94024ec616c9916767ecd6,e20ce815b5e4b11c21cc49a75ecf901b408e0f3e,complete,report/cnn_architecture/experiments/CNN-ARCH-B/seed123/metrics.json
CNN-ARCH-B,2026,168962,7,0.24105106002754637,0.9038888888888889,0.11197944366269641,0.9683333333333334,0.6318495070934296,0.785,0.8,0.77,0.785,0.7849516141131755,7.156304712999997,ea6e39137fa9269eaabce5bd078ad1d816e89deef834b19e0797d95e3dc57c81,97f9453652a511952fad677d596feb41e33d2c9c9f94024ec616c9916767ecd6,e20ce815b5e4b11c21cc49a75ecf901b408e0f3e,complete,report/cnn_architecture/experiments/CNN-ARCH-B/seed2026/metrics.json
CNN-ARCH-C,42,89794,6,0.3232264924049377,0.8627777777777778,0.17136481318208907,0.9383333333333334,0.5025139093399048,0.79,0.82,0.76,0.79,0.7898108297467721,14.43646024200001,c5eb3f17c06f69647d11edfab4dcab3114069b55b4c4b79f64a41d4947692ac6,97f9453652a511952fad677d596feb41e33d2c9c9f94024ec616c9916767ecd6,e20ce815b5e4b11c21cc49a75ecf901b408e0f3e,complete,report/cnn_architecture/experiments/CNN-ARCH-C/seed42/metrics.json
CNN-ARCH-C,123,89794,7,0.3073362726635403,0.8738888888888889,0.1956916300455729,0.9288888888888889,0.4043092143535614,0.83,0.92,0.74,0.8300000000000001,0.8286117552172598,12.135290943000001,27ee1119bf3fc1ba7bedc4939eb47320edb1df91e61d8c553d049e94194d9d42,97f9453652a511952fad677d596feb41e33d2c9c9f94024ec616c9916767ecd6,e20ce815b5e4b11c21cc49a75ecf901b408e0f3e,complete,report/cnn_architecture/experiments/CNN-ARCH-C/seed123/metrics.json
CNN-ARCH-C,2026,89794,7,0.3026041727595859,0.87,0.20360826187663608,0.9172222222222223,0.5980127120018005,0.775,0.79,0.76,0.775,0.7749493636068115,12.185809511000002,ea6e39137fa9269eaabce5bd078ad1d816e89deef834b19e0797d95e3dc57c81,97f9453652a511952fad677d596feb41e33d2c9c9f94024ec616c9916767ecd6,e20ce815b5e4b11c21cc49a75ecf901b408e0f3e,complete,report/cnn_architecture/experiments/CNN-ARCH-C/seed2026/metrics.json
