epoch,train_loss,train_accuracy,validation_loss,validation_accuracy,validation_cat_accuracy,validation_dog_accuracy
1,0.8429662572013007,0.5355555555555556,0.7029470586776734,0.54,0.48,0.6
2,0.6619657240973579,0.605,0.682848937511444,0.575,0.43,0.72
3,0.6558740255567762,0.6266666666666667,0.6895156049728394,0.58,0.52,0.64
4,0.6264048184288873,0.6461111111111111,0.6802822351455688,0.625,0.48,0.77
5,0.5953459464179145,0.6761111111111111,0.6909491968154907,0.57,0.47,0.67
6,0.5863788992828793,0.6783333333333333,0.7259033846855164,0.59,0.52,0.66
7,0.5651496715015836,0.7022222222222222,0.6932302331924438,0.61,0.65,0.57
8,0.5384719610214234,0.7111111111111111,0.7164729785919189,0.6,0.56,0.64
9,0.49650513781441585,0.7422222222222222,0.8059810543060303,0.62,0.63,0.61
