strategy_id,seed,parameter_count,training_sample_count,best_epoch,train_accuracy_at_best_epoch,final_train_accuracy,validation_loss,validation_accuracy,cat_accuracy,dog_accuracy,balanced_accuracy,macro_f1,fit_seconds,split_sha256,feature_cache_manifest_sha256,flipped_cache_manifest_sha256,code_commit,status,source_run
CNN-TRAIN-T0,42,89794,1800,6,0.8627777777777778,0.9383333333333334,0.5025139093399048,0.79,0.82,0.76,0.79,0.7898108297467721,14.43646024200001,c5eb3f17c06f69647d11edfab4dcab3114069b55b4c4b79f64a41d4947692ac6,97f9453652a511952fad677d596feb41e33d2c9c9f94024ec616c9916767ecd6,,e20ce815b5e4b11c21cc49a75ecf901b408e0f3e,complete,report/cnn_architecture/experiments/CNN-ARCH-C/seed42/metrics.json
CNN-TRAIN-T0,123,89794,1800,7,0.8738888888888889,0.9288888888888889,0.4043092143535614,0.83,0.92,0.74,0.8300000000000001,0.8286117552172598,12.135290943000001,27ee1119bf3fc1ba7bedc4939eb47320edb1df91e61d8c553d049e94194d9d42,97f9453652a511952fad677d596feb41e33d2c9c9f94024ec616c9916767ecd6,,e20ce815b5e4b11c21cc49a75ecf901b408e0f3e,complete,report/cnn_architecture/experiments/CNN-ARCH-C/seed123/metrics.json
CNN-TRAIN-T0,2026,89794,1800,7,0.87,0.9172222222222223,0.5980127120018005,0.775,0.79,0.76,0.775,0.7749493636068115,12.185809511000002,ea6e39137fa9269eaabce5bd078ad1d816e89deef834b19e0797d95e3dc57c81,97f9453652a511952fad677d596feb41e33d2c9c9f94024ec616c9916767ecd6,,e20ce815b5e4b11c21cc49a75ecf901b408e0f3e,complete,report/cnn_architecture/experiments/CNN-ARCH-C/seed2026/metrics.json
CNN-TRAIN-T1-FLIP,42,89794,3600,12,0.955,0.955,0.5882728207111358,0.8,0.89,0.71,0.8,0.7983667708438351,26.867078534,c5eb3f17c06f69647d11edfab4dcab3114069b55b4c4b79f64a41d4947692ac6,97f9453652a511952fad677d596feb41e33d2c9c9f94024ec616c9916767ecd6,37c0be14b83957bf8674a29aba7e8b4013fdf8fa80c0c6a2c93fe42b01fa8d8c,0dff4f810043b93e475390e701319dbdd1f24ec8,complete,report/cnn_training/experiments/CNN-TRAIN-T1-FLIP/seed42/metrics.json
CNN-TRAIN-T1-FLIP,123,89794,3600,3,0.8188888888888889,0.9391666666666667,0.4087786811590195,0.835,0.8,0.87,0.835,0.8347976270931892,21.769473997999995,27ee1119bf3fc1ba7bedc4939eb47320edb1df91e61d8c553d049e94194d9d42,97f9453652a511952fad677d596feb41e33d2c9c9f94024ec616c9916767ecd6,37c0be14b83957bf8674a29aba7e8b4013fdf8fa80c0c6a2c93fe42b01fa8d8c,0dff4f810043b93e475390e701319dbdd1f24ec8,complete,report/cnn_training/experiments/CNN-TRAIN-T1-FLIP/seed123/metrics.json
CNN-TRAIN-T1-FLIP,2026,89794,3600,4,0.8452777777777778,0.9302777777777778,0.5534098291397095,0.78,0.81,0.75,0.78,0.7798018216394755,20.95867501500001,ea6e39137fa9269eaabce5bd078ad1d816e89deef834b19e0797d95e3dc57c81,97f9453652a511952fad677d596feb41e33d2c9c9f94024ec616c9916767ecd6,37c0be14b83957bf8674a29aba7e8b4013fdf8fa80c0c6a2c93fe42b01fa8d8c,0dff4f810043b93e475390e701319dbdd1f24ec8,complete,report/cnn_training/experiments/CNN-TRAIN-T1-FLIP/seed2026/metrics.json
CNN-TRAIN-T2-DROPOUT,42,89794,1800,6,0.8594444444444445,0.935,0.5041991710662842,0.79,0.83,0.75,0.79,0.7896634615384616,12.255212020999977,c5eb3f17c06f69647d11edfab4dcab3114069b55b4c4b79f64a41d4947692ac6,97f9453652a511952fad677d596feb41e33d2c9c9f94024ec616c9916767ecd6,,0dff4f810043b93e475390e701319dbdd1f24ec8,complete,report/cnn_training/experiments/CNN-TRAIN-T2-DROPOUT/seed42/metrics.json
CNN-TRAIN-T2-DROPOUT,123,89794,1800,11,0.9366666666666666,0.9588888888888889,0.4488921356201172,0.84,0.85,0.83,0.84,0.83998399839984,15.138957827999945,27ee1119bf3fc1ba7bedc4939eb47320edb1df91e61d8c553d049e94194d9d42,97f9453652a511952fad677d596feb41e33d2c9c9f94024ec616c9916767ecd6,,0dff4f810043b93e475390e701319dbdd1f24ec8,complete,report/cnn_training/experiments/CNN-TRAIN-T2-DROPOUT/seed123/metrics.json
CNN-TRAIN-T2-DROPOUT,2026,89794,1800,10,0.915,0.915,0.5891199207305908,0.77,0.84,0.7,0.77,0.7688674505074866,12.449710514000003,ea6e39137fa9269eaabce5bd078ad1d816e89deef834b19e0797d95e3dc57c81,97f9453652a511952fad677d596feb41e33d2c9c9f94024ec616c9916767ecd6,,0dff4f810043b93e475390e701319dbdd1f24ec8,complete,report/cnn_training/experiments/CNN-TRAIN-T2-DROPOUT/seed2026/metrics.json
CNN-TRAIN-T3-COSINE,42,89794,1800,6,0.865,0.9566666666666667,0.49392311096191405,0.795,0.82,0.77,0.7949999999999999,0.7948717948717949,14.06206118199998,c5eb3f17c06f69647d11edfab4dcab3114069b55b4c4b79f64a41d4947692ac6,97f9453652a511952fad677d596feb41e33d2c9c9f94024ec616c9916767ecd6,,0dff4f810043b93e475390e701319dbdd1f24ec8,complete,report/cnn_training/experiments/CNN-TRAIN-T3-COSINE/seed42/metrics.json
CNN-TRAIN-T3-COSINE,123,89794,1800,4,0.81,0.93,0.395753356218338,0.83,0.87,0.79,0.8300000000000001,0.8297275641025641,11.912274217000004,27ee1119bf3fc1ba7bedc4939eb47320edb1df91e61d8c553d049e94194d9d42,97f9453652a511952fad677d596feb41e33d2c9c9f94024ec616c9916767ecd6,,0dff4f810043b93e475390e701319dbdd1f24ec8,complete,report/cnn_training/experiments/CNN-TRAIN-T3-COSINE/seed123/metrics.json
CNN-TRAIN-T3-COSINE,2026,89794,1800,10,0.9222222222222223,0.9222222222222223,0.5846079063415527,0.775,0.83,0.72,0.7749999999999999,0.7743173098623335,10.866932074000033,ea6e39137fa9269eaabce5bd078ad1d816e89deef834b19e0797d95e3dc57c81,97f9453652a511952fad677d596feb41e33d2c9c9f94024ec616c9916767ecd6,,0dff4f810043b93e475390e701319dbdd1f24ec8,complete,report/cnn_training/experiments/CNN-TRAIN-T3-COSINE/seed2026/metrics.json
