epoch,learning_rate,train_loss,train_accuracy,validation_loss,validation_accuracy,validation_cat_accuracy,validation_dog_accuracy
1,0.00015,0.5764607156647577,0.7075,0.5156468975543976,0.745,0.78,0.71
2,0.00015,0.4957125613424513,0.7572222222222222,0.44520305752754213,0.805,0.74,0.87
3,0.00015,0.44930456744299996,0.7805555555555556,0.4290476214885712,0.79,0.88,0.7
4,0.00015,0.41377968470255533,0.8077777777777778,0.39122454047203065,0.82,0.93,0.71
5,0.00015,0.381388777229521,0.8238888888888889,0.45672113955020904,0.765,0.64,0.89
6,0.00015,0.3369497060775757,0.8466666666666667,0.4202192091941834,0.805,0.72,0.89
7,0.00015,0.26480287737316555,0.8866666666666667,0.5290930378437042,0.82,0.9,0.74
8,0.00015,0.22960846201413207,0.9044444444444445,0.4197776359319687,0.825,0.87,0.78
9,0.00015,0.18380923002958297,0.9236111111111112,0.556418606042862,0.815,0.76,0.87
10,0.00015,0.17037791511250866,0.9286111111111112,0.5092539221048356,0.83,0.8,0.86
11,0.00015,0.14143170321567192,0.9455555555555556,0.5141452097892761,0.83,0.79,0.87
12,0.00015,0.11825108300480577,0.9530555555555555,0.4809203153848648,0.865,0.9,0.83
